START: pt. 17 lip 2026 10:58:46 CEST
00:00.254  blend            | Read blend: "/Users/kacpermioduszewski/mioduszewsky-com/assets/logo3d/fur.blend"
00:00.609  render           | Rendering animation (frames 1..180)
00:00.609  render           | Rendering frame 1
00:00.609  render           | Start rendering: Scene, ViewLayer
00:00.609  render           | Engine: Cycles
00:01.371  render           | Fra: 1 | Mem: 0M | Synchronizing object | L_0_m
Blender 5.1.2 (hash ec6e62d40fa9 built 2026-05-19 01:30:33)
00:01.371  render           | Fra: 1 | Mem: 0M | Synchronizing object | L_1_i
00:01.371  render           | Fra: 1 | Mem: 0M | Synchronizing object | L_0_m
00:01.371  render           | Fra: 1 | Mem: 0M | Synchronizing object | L_2_o
00:01.371  render           | Fra: 1 | Mem: 0M | Synchronizing object | L_1_i
00:01.371  render           | Fra: 1 | Mem: 0M | Synchronizing object | L_3_d
00:01.371  render           | Fra: 1 | Mem: 0M | Synchronizing object | L_2_o
00:01.371  render           | Fra: 1 | Mem: 0M | Synchronizing object | L_4_u
00:01.371  render           | Fra: 1 | Mem: 0M | Synchronizing object | L_3_d
00:01.372  render           | Fra: 1 | Mem: 0M | Synchronizing object | L_4_u
00:01.372  render           | Fra: 1 | Mem: 0M | Synchronizing object | L_5_s
00:01.372  render           | Fra: 1 | Mem: 0M | Synchronizing object | L_6_z
00:01.372  render           | Fra: 1 | Mem: 0M | Synchronizing object | L_7_e
00:01.372  render           | Fra: 1 | Mem: 0M | Synchronizing object | L_8_w
00:01.372  render           | Fra: 1 | Mem: 0M | Synchronizing object | L_7_e
00:01.373  render           | Fra: 1 | Mem: 0M | Synchronizing object | L_9_s
00:01.373  render           | Fra: 1 | Mem: 0M | Synchronizing object | L_10_k
00:01.373  render           | Fra: 1 | Mem: 0M | Synchronizing object | L_11_y
00:01.373  render           | Fra: 1 | Mem: 0M | Synchronizing object | L_8_w
00:01.373  render           | Fra: 1 | Mem: 0M | Synchronizing object | rim_r
00:01.373  render           | Fra: 1 | Mem: 0M | Synchronizing object | rim_l
00:01.373  render           | Fra: 1 | Mem: 0M | Synchronizing object | fill
00:01.373  render           | Fra: 1 | Mem: 0M | Synchronizing object | key
00:01.373  render           | Fra: 1 | Mem: 0M | Synchronizing object | L_11_y
00:01.403  render           | Fra: 1 | Mem: 0M | Synchronizing object | L_9_s
00:01.448  render           | Fra: 1 | Mem: 0M | Synchronizing object | L_10_k
00:01.503  render           | Fra: 1 | Mem: 0M | Initializing
00:01.504  render           | Fra: 1 | Mem: 0M | Waiting for render to start
00:01.504  render           | Fra: 1 | Mem: 0M | Updating Scene
00:01.504  render           | Fra: 1 | Mem: 0M | Updating Shaders
00:01.504  render           | Fra: 1 | Mem: 0M | Loading render kernels (may take a few minutes the first time)
00:01.504  render           | Fra: 1 | Mem: 1M | Updating Procedurals
00:01.504  render           | Fra: 1 | Mem: 1M | Updating Background
00:01.504  render           | Fra: 1 | Mem: 1M | Updating Camera
00:01.504  render           | Fra: 1 | Mem: 1M | Updating Meshes Flags
00:01.504  render           | Fra: 1 | Mem: 1M | Updating Objects
00:01.504  render           | Fra: 1 | Mem: 1M | Updating Objects | Copying Transformations to device
00:01.504  render           | Fra: 1 | Mem: 1M | Updating Particle Systems
00:01.504  render           | Fra: 1 | Mem: 1M | Updating Particle Systems | Copying Particles to device
00:01.504  render           | Fra: 1 | Mem: 1M | Updating Meshes
00:01.504  render           | Fra: 1 | Mem: 1M | Updating Objects | Applying Static Transformations
00:01.527  render           | Fra: 1 | Mem: 1M | Updating Mesh | Computing attributes
00:01.543  render           | Fra: 1 | Mem: 1M | Updating Mesh | Copying Attributes to device
00:01.596  render           | Fra: 1 | Mem: 105M | Updating Scene BVH | Building
00:01.596  render           | Fra: 1 | Mem: 105M | Updating Scene BVH | Building BVH
00:01.636  render           | Fra: 1 | Mem: 565M | Updating Scene BVH | Building BVH 0%
00:01.886  render           | Fra: 1 | Mem: 1223M | Updating Scene BVH | Building BVH 1%
00:02.136  render           | Fra: 1 | Mem: 1589M | Updating Scene BVH | Building BVH 23%
00:02.387  render           | Fra: 1 | Mem: 1987M | Updating Scene BVH | Building BVH 47%
00:02.637  render           | Fra: 1 | Mem: 2363M | Updating Scene BVH | Building BVH 69%
00:02.887  render           | Fra: 1 | Mem: 2693M | Updating Scene BVH | Building BVH 88%
00:03.028  render           | Fra: 1 | Mem: 2905M | Updating Scene BVH | Copying BVH to device
00:03.028  render           | Fra: 1 | Mem: 2905M | Updating Mesh | Computing normals
00:03.028  render           | Fra: 1 | Mem: 2905M | Updating Mesh | Copying Mesh to device
00:03.028  render           | Fra: 1 | Mem: 2908M | Updating Mesh | Copying Curves to device
00:03.173  render           | Fra: 1 | Mem: 3422M | Updating Objects Flags
00:03.173  render           | Fra: 1 | Mem: 3422M | Updating Primitive Offsets
00:03.173  render           | Fra: 1 | Mem: 3422M | Updating Images
00:03.173  render           | Fra: 1 | Mem: 3422M | Updating Volume
00:03.173  render           | Fra: 1 | Mem: 3422M | Updating Camera Volume
00:03.173  render           | Fra: 1 | Mem: 3422M | Updating Lookup Tables
00:03.173  render           | Fra: 1 | Mem: 3422M | Updating Lights
00:03.173  render           | Fra: 1 | Mem: 3422M | Updating Lights | Computing tree
00:03.173  render           | Fra: 1 | Mem: 3422M | Updating Integrator
00:03.173  render           | Fra: 1 | Mem: 3423M | Updating Film
00:03.173  render           | Fra: 1 | Mem: 3423M | Updating Lookup Tables
00:03.173  render           | Fra: 1 | Mem: 3423M | Updating Baking
00:03.173  render           | Fra: 1 | Mem: 3423M | Updating Device | Writing constant memory
00:03.174  render           | Fra: 1 | Mem: 3423M | Sample 0/256
00:04.506  render           | Fra: 1 | Remaining: 05:39.68 | Mem: 3459M | Sample 1/256
00:23.797  render           | Fra: 1 | Remaining: 04:49.94 | Mem: 3459M | Sample 17/256
01:04.254  render           | Fra: 1 | Remaining: 04:18.03 | Mem: 3459M | Sample 49/256
01:44.797  render           | Fra: 1 | Remaining: 03:43.57 | Mem: 3459M | Sample 80/256
02:06.079  render           | Fra: 1 | Remaining: 03:24.84 | Mem: 3459M | Sample 96/256
02:27.698  render           | Fra: 1 | Remaining: 03:05.81 | Mem: 3459M | Sample 112/256
02:49.402  render           | Fra: 1 | Remaining: 02:46.22 | Mem: 3459M | Sample 128/256
03:11.272  render           | Fra: 1 | Remaining: 02:26.29 | Mem: 3459M | Sample 144/256
03:33.364  render           | Fra: 1 | Remaining: 02:06.11 | Mem: 3459M | Sample 160/256
03:55.437  render           | Fra: 1 | Remaining: 01:45.57 | Mem: 3459M | Sample 176/256
04:17.710  render           | Fra: 1 | Remaining: 01:24.84 | Mem: 3459M | Sample 192/256
04:40.233  render           | Fra: 1 | Remaining: 01:03.93 | Mem: 3459M | Sample 208/256
05:02.696  render           | Fra: 1 | Remaining: 00:42.78 | Mem: 3459M | Sample 224/256
05:25.781  render           | Fra: 1 | Remaining: 00:21.50 | Mem: 3459M | Sample 240/256
05:49.138  render           | Fra: 1 | Mem: 3459M | Sample 256/256
05:49.138  render           | Fra: 1 | Mem: 3459M | Finished
05:49.245  render           | Saved: '/Users/kacpermioduszewski/mioduszewsky-com/assets/logo3d/frames_dal/f_0001.png'
05:49.245  render           | Time: 05:48.63 (Saving: 00:00.05)
05:49.245  render           | Rendering frame 2
05:49.247  render           | Start rendering: Scene, ViewLayer
05:49.247  render           | Engine: Cycles
05:50.191  render           | Fra: 2 | Mem: 0M | Synchronizing object | L_0_m
05:50.192  render           | Fra: 2 | Mem: 0M | Synchronizing object | L_1_i
05:50.192  render           | Fra: 2 | Mem: 0M | Synchronizing object | L_2_o
05:50.192  render           | Fra: 2 | Mem: 0M | Synchronizing object | L_3_d
05:50.193  render           | Fra: 2 | Mem: 0M | Synchronizing object | L_4_u
05:50.193  render           | Fra: 2 | Mem: 0M | Synchronizing object | L_5_s
05:50.193  render           | Fra: 2 | Mem: 0M | Synchronizing object | L_4_u
05:50.193  render           | Fra: 2 | Mem: 0M | Synchronizing object | L_5_s
05:50.193  render           | Fra: 2 | Mem: 0M | Synchronizing object | L_6_z
05:50.193  render           | Fra: 2 | Mem: 0M | Synchronizing object | L_7_e
05:50.194  render           | Fra: 2 | Mem: 0M | Synchronizing object | L_8_w
05:50.195  render           | Fra: 2 | Mem: 0M | Synchronizing object | L_9_s
05:50.196  render           | Fra: 2 | Mem: 0M | Synchronizing object | L_10_k
05:50.197  render           | Fra: 2 | Mem: 0M | Synchronizing object | L_11_y
05:50.197  render           | Fra: 2 | Mem: 0M | Synchronizing object | L_8_w
05:50.197  render           | Fra: 2 | Mem: 0M | Synchronizing object | rim_r
05:50.197  render           | Fra: 2 | Mem: 0M | Synchronizing object | rim_l
05:50.197  render           | Fra: 2 | Mem: 0M | Synchronizing object | fill
05:50.197  render           | Fra: 2 | Mem: 0M | Synchronizing object | key
05:50.197  render           | Fra: 2 | Mem: 0M | Synchronizing object | L_11_y
05:50.234  render           | Fra: 2 | Mem: 0M | Synchronizing object | L_9_s
05:50.265  render           | Fra: 2 | Mem: 0M | Synchronizing object | L_10_k
05:50.338  render           | Fra: 2 | Mem: 0M | Initializing
05:50.339  render           | Fra: 2 | Mem: 0M | Waiting for render to start
05:50.339  render           | Fra: 2 | Mem: 0M | Updating Scene
05:50.339  render           | Fra: 2 | Mem: 0M | Updating Shaders
05:50.339  render           | Fra: 2 | Mem: 0M | Loading render kernels (may take a few minutes the first time)
05:50.339  render           | Fra: 2 | Mem: 1M | Updating Procedurals
05:50.339  render           | Fra: 2 | Mem: 1M | Updating Background
05:50.339  render           | Fra: 2 | Mem: 1M | Updating Camera
05:50.339  render           | Fra: 2 | Mem: 1M | Updating Meshes Flags
05:50.339  render           | Fra: 2 | Mem: 1M | Updating Objects
05:50.339  render           | Fra: 2 | Mem: 1M | Updating Objects | Copying Transformations to device
05:50.339  render           | Fra: 2 | Mem: 1M | Updating Particle Systems
05:50.339  render           | Fra: 2 | Mem: 1M | Updating Particle Systems | Copying Particles to device
05:50.339  render           | Fra: 2 | Mem: 1M | Updating Meshes
05:50.339  render           | Fra: 2 | Mem: 1M | Updating Objects | Applying Static Transformations
05:50.369  render           | Fra: 2 | Mem: 1M | Updating Mesh | Computing attributes
05:50.390  render           | Fra: 2 | Mem: 1M | Updating Mesh | Copying Attributes to device
05:50.448  render           | Fra: 2 | Mem: 105M | Updating Scene BVH | Building
05:50.448  render           | Fra: 2 | Mem: 105M | Updating Scene BVH | Building BVH
05:50.480  render           | Fra: 2 | Mem: 1198M | Updating Scene BVH | Building BVH 0%
05:50.730  render           | Fra: 2 | Mem: 1309M | Updating Scene BVH | Building BVH 7%
05:50.980  render           | Fra: 2 | Mem: 1627M | Updating Scene BVH | Building BVH 26%
05:51.230  render           | Fra: 2 | Mem: 1945M | Updating Scene BVH | Building BVH 44%
05:51.480  render           | Fra: 2 | Mem: 2267M | Updating Scene BVH | Building BVH 63%
05:51.730  render           | Fra: 2 | Mem: 2571M | Updating Scene BVH | Building BVH 80%
05:51.980  render           | Fra: 2 | Mem: 2841M | Updating Scene BVH | Building BVH 96%
05:52.062  render           | Fra: 2 | Mem: 2903M | Updating Scene BVH | Copying BVH to device
05:52.062  render           | Fra: 2 | Mem: 2903M | Updating Mesh | Computing normals
05:52.065  render           | Fra: 2 | Mem: 2903M | Updating Mesh | Copying Mesh to device
05:52.065  render           | Fra: 2 | Mem: 2906M | Updating Mesh | Copying Curves to device
05:52.139  render           | Fra: 2 | Mem: 3420M | Updating Objects Flags
05:52.139  render           | Fra: 2 | Mem: 3420M | Updating Primitive Offsets
05:52.139  render           | Fra: 2 | Mem: 3420M | Updating Images
05:52.139  render           | Fra: 2 | Mem: 3420M | Updating Volume
05:52.139  render           | Fra: 2 | Mem: 3420M | Updating Camera Volume
05:52.139  render           | Fra: 2 | Mem: 3420M | Updating Lookup Tables
05:52.139  render           | Fra: 2 | Mem: 3420M | Updating Lights
05:52.139  render           | Fra: 2 | Mem: 3420M | Updating Lights | Computing tree
05:52.139  render           | Fra: 2 | Mem: 3420M | Updating Integrator
05:52.140  render           | Fra: 2 | Mem: 3421M | Updating Film
05:52.140  render           | Fra: 2 | Mem: 3421M | Updating Lookup Tables
05:52.140  render           | Fra: 2 | Mem: 3421M | Updating Baking
05:52.140  render           | Fra: 2 | Mem: 3421M | Updating Device | Writing constant memory
05:52.140  render           | Fra: 2 | Mem: 3421M | Sample 0/256
05:53.878  render           | Fra: 2 | Remaining: 07:23.22 | Mem: 3457M | Sample 1/256
06:17.832  render           | Fra: 2 | Remaining: 06:01.20 | Mem: 3457M | Sample 17/256
06:42.079  render           | Fra: 2 | Remaining: 05:37.46 | Mem: 3457M | Sample 33/256
07:06.066  render           | Fra: 2 | Remaining: 05:12.29 | Mem: 3457M | Sample 49/256
07:30.119  render           | Fra: 2 | Remaining: 04:47.90 | Mem: 3457M | Sample 65/256
07:53.295  render           | Fra: 2 | Remaining: 04:26.54 | Mem: 3457M | Sample 80/256
08:17.628  render           | Fra: 2 | Remaining: 04:02.47 | Mem: 3457M | Sample 96/256
08:42.135  render           | Fra: 2 | Remaining: 03:38.56 | Mem: 3457M | Sample 112/256
09:06.523  render           | Fra: 2 | Remaining: 03:14.38 | Mem: 3457M | Sample 128/256
09:31.187  render           | Fra: 2 | Remaining: 02:50.36 | Mem: 3457M | Sample 144/256
09:55.709  render           | Fra: 2 | Remaining: 02:26.14 | Mem: 3457M | Sample 160/256
10:20.393  render           | Fra: 2 | Remaining: 02:01.93 | Mem: 3457M | Sample 176/256
10:45.338  render           | Fra: 2 | Remaining: 01:37.73 | Mem: 3457M | Sample 192/256
11:10.048  render           | Fra: 2 | Remaining: 01:13.36 | Mem: 3457M | Sample 208/256
11:34.808  render           | Fra: 2 | Remaining: 00:48.95 | Mem: 3457M | Sample 224/256
11:59.816  render           | Fra: 2 | Remaining: 00:24.51 | Mem: 3457M | Sample 240/256
12:24.835  render           | Fra: 2 | Mem: 3457M | Sample 256/256
12:24.835  render           | Fra: 2 | Mem: 3457M | Finished
12:24.929  render           | Saved: '/Users/kacpermioduszewski/mioduszewsky-com/assets/logo3d/frames_dal/f_0002.png'
12:24.929  render           | Time: 06:35.68 (Saving: 00:00.05)
12:24.929  render           | Rendering frame 3
12:24.931  render           | Start rendering: Scene, ViewLayer
12:24.931  render           | Engine: Cycles
12:25.922  render           | Fra: 3 | Mem: 0M | Synchronizing object | L_0_m
12:25.922  render           | Fra: 3 | Mem: 0M | Synchronizing object | L_1_i
12:25.923  render           | Fra: 3 | Mem: 0M | Synchronizing object | L_2_o
12:25.923  render           | Fra: 3 | Mem: 0M | Synchronizing object | L_1_i
12:25.923  render           | Fra: 3 | Mem: 0M | Synchronizing object | L_3_d
12:25.923  render           | Fra: 3 | Mem: 0M | Synchronizing object | L_2_o
12:25.923  render           | Fra: 3 | Mem: 0M | Synchronizing object | L_3_d
12:25.923  render           | Fra: 3 | Mem: 0M | Synchronizing object | L_4_u
12:25.924  render           | Fra: 3 | Mem: 0M | Synchronizing object | L_5_s
12:25.924  render           | Fra: 3 | Mem: 0M | Synchronizing object | L_6_z
12:25.925  render           | Fra: 3 | Mem: 0M | Synchronizing object | L_7_e
12:25.925  render           | Fra: 3 | Mem: 0M | Synchronizing object | L_8_w
12:25.926  render           | Fra: 3 | Mem: 0M | Synchronizing object | L_9_s
12:25.926  render           | Fra: 3 | Mem: 0M | Synchronizing object | L_8_w
12:25.927  render           | Fra: 3 | Mem: 0M | Synchronizing object | L_10_k
12:25.928  render           | Fra: 3 | Mem: 0M | Synchronizing object | L_11_y
12:25.932  render           | Fra: 3 | Mem: 0M | Synchronizing object | rim_r
12:25.932  render           | Fra: 3 | Mem: 0M | Synchronizing object | rim_l
12:25.932  render           | Fra: 3 | Mem: 0M | Synchronizing object | fill
12:25.932  render           | Fra: 3 | Mem: 0M | Synchronizing object | key
12:25.932  render           | Fra: 3 | Mem: 0M | Synchronizing object | L_11_y
12:25.963  render           | Fra: 3 | Mem: 0M | Synchronizing object | L_9_s
12:26.002  render           | Fra: 3 | Mem: 0M | Synchronizing object | L_10_k
12:26.069  render           | Fra: 3 | Mem: 0M | Initializing
12:26.070  render           | Fra: 3 | Mem: 0M | Waiting for render to start
12:26.070  render           | Fra: 3 | Mem: 0M | Updating Scene
12:26.070  render           | Fra: 3 | Mem: 0M | Updating Shaders
12:26.070  render           | Fra: 3 | Mem: 0M | Loading render kernels (may take a few minutes the first time)
12:26.070  render           | Fra: 3 | Mem: 1M | Updating Procedurals
12:26.070  render           | Fra: 3 | Mem: 1M | Updating Background
12:26.070  render           | Fra: 3 | Mem: 1M | Updating Camera
12:26.070  render           | Fra: 3 | Mem: 1M | Updating Meshes Flags
12:26.070  render           | Fra: 3 | Mem: 1M | Updating Objects
12:26.070  render           | Fra: 3 | Mem: 1M | Updating Objects | Copying Transformations to device
12:26.070  render           | Fra: 3 | Mem: 1M | Updating Particle Systems
12:26.070  render           | Fra: 3 | Mem: 1M | Updating Particle Systems | Copying Particles to device
12:26.070  render           | Fra: 3 | Mem: 1M | Updating Meshes
12:26.070  render           | Fra: 3 | Mem: 1M | Updating Objects | Applying Static Transformations
12:26.103  render           | Fra: 3 | Mem: 1M | Updating Mesh | Computing attributes
12:26.118  render           | Fra: 3 | Mem: 1M | Updating Mesh | Copying Attributes to device
12:26.181  render           | Fra: 3 | Mem: 105M | Updating Scene BVH | Building
12:26.181  render           | Fra: 3 | Mem: 105M | Updating Scene BVH | Building BVH
12:26.221  render           | Fra: 3 | Mem: 1198M | Updating Scene BVH | Building BVH 0%
12:26.471  render           | Fra: 3 | Mem: 1303M | Updating Scene BVH | Building BVH 6%
12:26.721  render           | Fra: 3 | Mem: 1601M | Updating Scene BVH | Building BVH 24%
12:26.971  render           | Fra: 3 | Mem: 1889M | Updating Scene BVH | Building BVH 41%
12:27.221  render           | Fra: 3 | Mem: 2173M | Updating Scene BVH | Building BVH 58%
12:27.471  render           | Fra: 3 | Mem: 2459M | Updating Scene BVH | Building BVH 74%
12:27.721  render           | Fra: 3 | Mem: 2741M | Updating Scene BVH | Building BVH 90%
12:27.877  render           | Fra: 3 | Mem: 2903M | Updating Scene BVH | Copying BVH to device
12:27.877  render           | Fra: 3 | Mem: 2903M | Updating Mesh | Computing normals
12:27.877  render           | Fra: 3 | Mem: 2903M | Updating Mesh | Copying Mesh to device
12:27.877  render           | Fra: 3 | Mem: 2906M | Updating Mesh | Copying Curves to device
12:27.955  render           | Fra: 3 | Mem: 3420M | Updating Objects Flags
12:27.955  render           | Fra: 3 | Mem: 3420M | Updating Primitive Offsets
12:27.955  render           | Fra: 3 | Mem: 3420M | Updating Images
12:27.955  render           | Fra: 3 | Mem: 3420M | Updating Volume
12:27.955  render           | Fra: 3 | Mem: 3420M | Updating Camera Volume
12:27.955  render           | Fra: 3 | Mem: 3420M | Updating Lookup Tables
12:27.955  render           | Fra: 3 | Mem: 3420M | Updating Lights
12:27.955  render           | Fra: 3 | Mem: 3420M | Updating Lights | Computing tree
12:27.955  render           | Fra: 3 | Mem: 3420M | Updating Integrator
12:27.955  render           | Fra: 3 | Mem: 3421M | Updating Film
12:27.955  render           | Fra: 3 | Mem: 3421M | Updating Lookup Tables
12:27.955  render           | Fra: 3 | Mem: 3421M | Updating Baking
12:27.955  render           | Fra: 3 | Mem: 3421M | Updating Device | Writing constant memory
12:27.955  render           | Fra: 3 | Mem: 3421M | Sample 0/256
12:29.815  render           | Fra: 3 | Remaining: 07:54.31 | Mem: 3457M | Sample 1/256
12:55.273  render           | Fra: 3 | Remaining: 06:24.06 | Mem: 3457M | Sample 17/256
13:20.714  render           | Fra: 3 | Remaining: 05:56.51 | Mem: 3457M | Sample 33/256
13:46.327  render           | Fra: 3 | Remaining: 05:31.08 | Mem: 3457M | Sample 49/256
14:11.865  render           | Fra: 3 | Remaining: 05:05.33 | Mem: 3457M | Sample 65/256
14:35.502  render           | Fra: 3 | Remaining: 04:40.60 | Mem: 3457M | Sample 80/256
15:00.657  render           | Fra: 3 | Remaining: 04:14.50 | Mem: 3457M | Sample 96/256
15:25.874  render           | Fra: 3 | Remaining: 03:48.75 | Mem: 3457M | Sample 112/256
15:51.015  render           | Fra: 3 | Remaining: 03:23.05 | Mem: 3457M | Sample 128/256
16:16.364  render           | Fra: 3 | Remaining: 02:57.65 | Mem: 3457M | Sample 144/256
16:41.558  render           | Fra: 3 | Remaining: 02:32.16 | Mem: 3457M | Sample 160/256
17:06.692  render           | Fra: 3 | Remaining: 02:06.69 | Mem: 3457M | Sample 176/256
17:32.221  render           | Fra: 3 | Remaining: 01:41.42 | Mem: 3457M | Sample 192/256
17:57.788  render           | Fra: 3 | Remaining: 01:16.11 | Mem: 3457M | Sample 208/256
18:23.318  render           | Fra: 3 | Remaining: 00:50.76 | Mem: 3457M | Sample 224/256
18:49.088  render           | Fra: 3 | Remaining: 00:25.40 | Mem: 3457M | Sample 240/256
19:14.552  render           | Fra: 3 | Mem: 3457M | Sample 256/256
19:14.552  render           | Fra: 3 | Mem: 3457M | Finished
19:14.648  render           | Saved: '/Users/kacpermioduszewski/mioduszewsky-com/assets/logo3d/frames_dal/f_0003.png'
19:14.648  render           | Time: 06:49.71 (Saving: 00:00.05)
19:14.648  render           | Rendering frame 4
19:14.650  render           | Start rendering: Scene, ViewLayer
19:14.650  render           | Engine: Cycles
19:15.680  render           | Fra: 4 | Mem: 0M | Synchronizing object | L_0_m
19:15.681  render           | Fra: 4 | Mem: 0M | Synchronizing object | L_1_i
19:15.681  render           | Fra: 4 | Mem: 0M | Synchronizing object | L_2_o
19:15.681  render           | Fra: 4 | Mem: 0M | Synchronizing object | L_3_d
19:15.682  render           | Fra: 4 | Mem: 0M | Synchronizing object | L_4_u
19:15.682  render           | Fra: 4 | Mem: 0M | Synchronizing object | L_5_s
19:15.682  render           | Fra: 4 | Mem: 0M | Synchronizing object | L_4_u
19:15.682  render           | Fra: 4 | Mem: 0M | Synchronizing object | L_5_s
19:15.682  render           | Fra: 4 | Mem: 0M | Synchronizing object | L_6_z
19:15.683  render           | Fra: 4 | Mem: 0M | Synchronizing object | L_7_e
19:15.683  render           | Fra: 4 | Mem: 0M | Synchronizing object | L_8_w
19:15.683  render           | Fra: 4 | Mem: 0M | Synchronizing object | L_7_e
19:15.684  render           | Fra: 4 | Mem: 0M | Synchronizing object | L_9_s
19:15.684  render           | Fra: 4 | Mem: 0M | Synchronizing object | L_10_k
19:15.685  render           | Fra: 4 | Mem: 0M | Synchronizing object | L_11_y
19:15.686  render           | Fra: 4 | Mem: 0M | Synchronizing object | rim_r
19:15.686  render           | Fra: 4 | Mem: 0M | Synchronizing object | rim_l
19:15.686  render           | Fra: 4 | Mem: 0M | Synchronizing object | fill
19:15.686  render           | Fra: 4 | Mem: 0M | Synchronizing object | key
19:15.686  render           | Fra: 4 | Mem: 0M | Synchronizing object | L_11_y
19:15.706  render           | Fra: 4 | Mem: 0M | Synchronizing object | L_8_w
19:15.723  render           | Fra: 4 | Mem: 0M | Synchronizing object | L_9_s
19:15.755  render           | Fra: 4 | Mem: 0M | Synchronizing object | L_10_k
19:15.825  render           | Fra: 4 | Mem: 0M | Initializing
19:15.826  render           | Fra: 4 | Mem: 0M | Waiting for render to start
19:15.826  render           | Fra: 4 | Mem: 0M | Updating Scene
19:15.826  render           | Fra: 4 | Mem: 0M | Updating Shaders
19:15.826  render           | Fra: 4 | Mem: 0M | Loading render kernels (may take a few minutes the first time)
19:15.826  render           | Fra: 4 | Mem: 1M | Updating Procedurals
19:15.826  render           | Fra: 4 | Mem: 1M | Updating Background
19:15.826  render           | Fra: 4 | Mem: 1M | Updating Camera
19:15.826  render           | Fra: 4 | Mem: 1M | Updating Meshes Flags
19:15.826  render           | Fra: 4 | Mem: 1M | Updating Objects
19:15.826  render           | Fra: 4 | Mem: 1M | Updating Objects | Copying Transformations to device
19:15.826  render           | Fra: 4 | Mem: 1M | Updating Particle Systems
19:15.826  render           | Fra: 4 | Mem: 1M | Updating Particle Systems | Copying Particles to device
19:15.826  render           | Fra: 4 | Mem: 1M | Updating Meshes
19:15.826  render           | Fra: 4 | Mem: 1M | Updating Objects | Applying Static Transformations
19:15.859  render           | Fra: 4 | Mem: 1M | Updating Mesh | Computing attributes
19:15.878  render           | Fra: 4 | Mem: 1M | Updating Mesh | Copying Attributes to device
19:15.943  render           | Fra: 4 | Mem: 105M | Updating Scene BVH | Building
19:15.943  render           | Fra: 4 | Mem: 105M | Updating Scene BVH | Building BVH
19:15.984  render           | Fra: 4 | Mem: 1198M | Updating Scene BVH | Building BVH 0%
19:16.234  render           | Fra: 4 | Mem: 1279M | Updating Scene BVH | Building BVH 5%
19:16.484  render           | Fra: 4 | Mem: 1571M | Updating Scene BVH | Building BVH 22%
19:16.734  render           | Fra: 4 | Mem: 1845M | Updating Scene BVH | Building BVH 39%
19:16.984  render           | Fra: 4 | Mem: 2127M | Updating Scene BVH | Building BVH 55%
19:17.239  render           | Fra: 4 | Mem: 2317M | Updating Scene BVH | Building BVH 66%
19:17.489  render           | Fra: 4 | Mem: 2517M | Updating Scene BVH | Building BVH 78%
19:17.739  render           | Fra: 4 | Mem: 2801M | Updating Scene BVH | Building BVH 94%
19:17.840  render           | Fra: 4 | Mem: 2905M | Updating Scene BVH | Copying BVH to device
19:17.840  render           | Fra: 4 | Mem: 2905M | Updating Mesh | Computing normals
19:17.841  render           | Fra: 4 | Mem: 2905M | Updating Mesh | Copying Mesh to device
19:17.841  render           | Fra: 4 | Mem: 2908M | Updating Mesh | Copying Curves to device
19:17.942  render           | Fra: 4 | Mem: 3422M | Updating Objects Flags
19:17.942  render           | Fra: 4 | Mem: 3422M | Updating Primitive Offsets
19:17.942  render           | Fra: 4 | Mem: 3422M | Updating Images
19:17.942  render           | Fra: 4 | Mem: 3422M | Updating Volume
19:17.942  render           | Fra: 4 | Mem: 3422M | Updating Camera Volume
19:17.942  render           | Fra: 4 | Mem: 3422M | Updating Lookup Tables
19:17.942  render           | Fra: 4 | Mem: 3422M | Updating Lights
19:17.942  render           | Fra: 4 | Mem: 3422M | Updating Lights | Computing tree
19:17.942  render           | Fra: 4 | Mem: 3422M | Updating Integrator
19:17.943  render           | Fra: 4 | Mem: 3423M | Updating Film
19:17.943  render           | Fra: 4 | Mem: 3423M | Updating Lookup Tables
19:17.943  render           | Fra: 4 | Mem: 3423M | Updating Baking
19:17.943  render           | Fra: 4 | Mem: 3423M | Updating Device | Writing constant memory
19:17.943  render           | Fra: 4 | Mem: 3423M | Sample 0/256
19:19.715  render           | Fra: 4 | Remaining: 07:31.93 | Mem: 3459M | Sample 1/256
19:45.890  render           | Fra: 4 | Remaining: 06:32.90 | Mem: 3459M | Sample 17/256
20:11.799  render           | Fra: 4 | Remaining: 06:03.93 | Mem: 3459M | Sample 33/256
20:37.732  render           | Fra: 4 | Remaining: 05:37.06 | Mem: 3459M | Sample 49/256
21:03.850  render           | Fra: 4 | Remaining: 05:11.20 | Mem: 3459M | Sample 65/256
21:27.495  render           | Fra: 4 | Remaining: 04:45.01 | Mem: 3459M | Sample 80/256
21:52.008  render           | Fra: 4 | Remaining: 04:16.77 | Mem: 3459M | Sample 96/256
22:16.528  render           | Fra: 4 | Remaining: 03:49.60 | Mem: 3459M | Sample 112/256
22:41.152  render           | Fra: 4 | Remaining: 03:23.20 | Mem: 3459M | Sample 128/256
23:05.739  render           | Fra: 4 | Remaining: 02:57.17 | Mem: 3459M | Sample 144/256
23:30.500  render           | Fra: 4 | Remaining: 02:31.53 | Mem: 3459M | Sample 160/256
23:55.277  render           | Fra: 4 | Remaining: 02:06.06 | Mem: 3459M | Sample 176/256
24:20.060  render           | Fra: 4 | Remaining: 01:40.70 | Mem: 3459M | Sample 192/256
24:44.815  render           | Fra: 4 | Remaining: 01:15.43 | Mem: 3459M | Sample 208/256
25:09.482  render           | Fra: 4 | Remaining: 00:50.21 | Mem: 3459M | Sample 224/256
25:34.165  render           | Fra: 4 | Remaining: 00:25.08 | Mem: 3459M | Sample 240/256
25:59.067  render           | Fra: 4 | Mem: 3459M | Sample 256/256
25:59.067  render           | Fra: 4 | Mem: 3459M | Finished
25:59.159  render           | Saved: '/Users/kacpermioduszewski/mioduszewsky-com/assets/logo3d/frames_dal/f_0004.png'
25:59.159  render           | Time: 06:44.51 (Saving: 00:00.05)
25:59.159  render           | Rendering frame 5
25:59.161  render           | Start rendering: Scene, ViewLayer
25:59.161  render           | Engine: Cycles
26:00.140  render           | Fra: 5 | Mem: 0M | Synchronizing object | L_0_m
26:00.140  render           | Fra: 5 | Mem: 0M | Synchronizing object | L_1_i
26:00.140  render           | Fra: 5 | Mem: 0M | Synchronizing object | L_0_m
26:00.140  render           | Fra: 5 | Mem: 0M | Synchronizing object | L_2_o
26:00.140  render           | Fra: 5 | Mem: 0M | Synchronizing object | L_1_i
26:00.140  render           | Fra: 5 | Mem: 0M | Synchronizing object | L_2_o
26:00.140  render           | Fra: 5 | Mem: 0M | Synchronizing object | L_3_d
26:00.141  render           | Fra: 5 | Mem: 0M | Synchronizing object | L_4_u
26:00.141  render           | Fra: 5 | Mem: 0M | Synchronizing object | L_5_s
26:00.141  render           | Fra: 5 | Mem: 0M | Synchronizing object | L_4_u
26:00.141  render           | Fra: 5 | Mem: 0M | Synchronizing object | L_6_z
26:00.141  render           | Fra: 5 | Mem: 0M | Synchronizing object | L_5_s
26:00.142  render           | Fra: 5 | Mem: 0M | Synchronizing object | L_6_z
26:00.142  render           | Fra: 5 | Mem: 0M | Synchronizing object | L_7_e
26:00.142  render           | Fra: 5 | Mem: 0M | Synchronizing object | L_8_w
26:00.143  render           | Fra: 5 | Mem: 0M | Synchronizing object | L_9_s
26:00.143  render           | Fra: 5 | Mem: 0M | Synchronizing object | L_8_w
26:00.143  render           | Fra: 5 | Mem: 0M | Synchronizing object | L_10_k
26:00.144  render           | Fra: 5 | Mem: 0M | Synchronizing object | L_11_y
26:00.145  render           | Fra: 5 | Mem: 0M | Synchronizing object | rim_r
26:00.145  render           | Fra: 5 | Mem: 0M | Synchronizing object | rim_l
26:00.145  render           | Fra: 5 | Mem: 0M | Synchronizing object | fill
26:00.145  render           | Fra: 5 | Mem: 0M | Synchronizing object | key
26:00.145  render           | Fra: 5 | Mem: 0M | Synchronizing object | L_11_y
26:00.177  render           | Fra: 5 | Mem: 0M | Synchronizing object | L_9_s
26:00.214  render           | Fra: 5 | Mem: 0M | Synchronizing object | L_10_k
26:00.282  render           | Fra: 5 | Mem: 0M | Initializing
26:00.283  render           | Fra: 5 | Mem: 0M | Waiting for render to start
26:00.283  render           | Fra: 5 | Mem: 0M | Updating Scene
26:00.283  render           | Fra: 5 | Mem: 0M | Updating Shaders
26:00.283  render           | Fra: 5 | Mem: 0M | Loading render kernels (may take a few minutes the first time)
26:00.283  render           | Fra: 5 | Mem: 1M | Updating Procedurals
26:00.283  render           | Fra: 5 | Mem: 1M | Updating Background
26:00.283  render           | Fra: 5 | Mem: 1M | Updating Camera
26:00.283  render           | Fra: 5 | Mem: 1M | Updating Meshes Flags
26:00.283  render           | Fra: 5 | Mem: 1M | Updating Objects
26:00.283  render           | Fra: 5 | Mem: 1M | Updating Objects | Copying Transformations to device
26:00.283  render           | Fra: 5 | Mem: 1M | Updating Particle Systems
26:00.283  render           | Fra: 5 | Mem: 1M | Updating Particle Systems | Copying Particles to device
26:00.283  render           | Fra: 5 | Mem: 1M | Updating Meshes
26:00.283  render           | Fra: 5 | Mem: 1M | Updating Objects | Applying Static Transformations
26:00.314  render           | Fra: 5 | Mem: 1M | Updating Mesh | Computing attributes
26:00.335  render           | Fra: 5 | Mem: 1M | Updating Mesh | Copying Attributes to device
26:00.395  render           | Fra: 5 | Mem: 105M | Updating Scene BVH | Building
26:00.396  render           | Fra: 5 | Mem: 105M | Updating Scene BVH | Building BVH
26:00.436  render           | Fra: 5 | Mem: 1198M | Updating Scene BVH | Building BVH 0%
26:00.686  render           | Fra: 5 | Mem: 1297M | Updating Scene BVH | Building BVH 6%
26:00.936  render           | Fra: 5 | Mem: 1587M | Updating Scene BVH | Building BVH 23%
26:01.187  render           | Fra: 5 | Mem: 1897M | Updating Scene BVH | Building BVH 42%
26:01.437  render           | Fra: 5 | Mem: 2191M | Updating Scene BVH | Building BVH 59%
26:01.687  render           | Fra: 5 | Mem: 2473M | Updating Scene BVH | Building BVH 75%
26:01.937  render           | Fra: 5 | Mem: 2765M | Updating Scene BVH | Building BVH 92%
26:02.076  render           | Fra: 5 | Mem: 2909M | Updating Scene BVH | Copying BVH to device
26:02.076  render           | Fra: 5 | Mem: 2909M | Updating Mesh | Computing normals
26:02.078  render           | Fra: 5 | Mem: 2909M | Updating Mesh | Copying Mesh to device
26:02.078  render           | Fra: 5 | Mem: 2912M | Updating Mesh | Copying Curves to device
26:02.145  render           | Fra: 5 | Mem: 3426M | Updating Objects Flags
26:02.145  render           | Fra: 5 | Mem: 3426M | Updating Primitive Offsets
26:02.145  render           | Fra: 5 | Mem: 3426M | Updating Images
26:02.145  render           | Fra: 5 | Mem: 3426M | Updating Volume
26:02.145  render           | Fra: 5 | Mem: 3426M | Updating Camera Volume
26:02.145  render           | Fra: 5 | Mem: 3426M | Updating Lookup Tables
26:02.145  render           | Fra: 5 | Mem: 3426M | Updating Lights
26:02.145  render           | Fra: 5 | Mem: 3426M | Updating Lights | Computing tree
26:02.145  render           | Fra: 5 | Mem: 3426M | Updating Integrator
26:02.145  render           | Fra: 5 | Mem: 3427M | Updating Film
26:02.145  render           | Fra: 5 | Mem: 3427M | Updating Lookup Tables
26:02.145  render           | Fra: 5 | Mem: 3427M | Updating Baking
26:02.145  render           | Fra: 5 | Mem: 3427M | Updating Device | Writing constant memory
26:02.145  render           | Fra: 5 | Mem: 3427M | Sample 0/256
26:03.970  render           | Fra: 5 | Remaining: 07:45.43 | Mem: 3463M | Sample 1/256
26:29.148  render           | Fra: 5 | Remaining: 06:19.62 | Mem: 3463M | Sample 17/256
26:54.462  render           | Fra: 5 | Remaining: 05:53.53 | Mem: 3463M | Sample 33/256
27:19.460  render           | Fra: 5 | Remaining: 05:26.61 | Mem: 3463M | Sample 49/256
27:44.416  render           | Fra: 5 | Remaining: 05:00.52 | Mem: 3463M | Sample 65/256
28:07.789  render           | Fra: 5 | Remaining: 04:36.41 | Mem: 3463M | Sample 80/256
28:32.569  render           | Fra: 5 | Remaining: 04:10.70 | Mem: 3463M | Sample 96/256
28:57.194  render           | Fra: 5 | Remaining: 03:45.06 | Mem: 3463M | Sample 112/256
29:22.955  render           | Fra: 5 | Remaining: 03:20.81 | Mem: 3463M | Sample 128/256
29:47.646  render           | Fra: 5 | Remaining: 02:55.38 | Mem: 3463M | Sample 144/256
30:12.496  render           | Fra: 5 | Remaining: 02:30.21 | Mem: 3463M | Sample 160/256
30:40.748  render           | Fra: 5 | Remaining: 02:06.63 | Mem: 3463M | Sample 176/256
31:08.412  render           | Fra: 5 | Remaining: 01:42.08 | Mem: 3463M | Sample 192/256
31:36.990  render           | Fra: 5 | Remaining: 01:17.27 | Mem: 3463M | Sample 208/256
32:06.139  render           | Fra: 5 | Remaining: 00:51.99 | Mem: 3463M | Sample 224/256
32:35.210  render           | Fra: 5 | Remaining: 00:26.20 | Mem: 3463M | Sample 240/256
33:04.018  render           | Fra: 5 | Mem: 3463M | Sample 256/256
33:04.022  render           | Fra: 5 | Mem: 3463M | Finished
33:04.147  render           | Saved: '/Users/kacpermioduszewski/mioduszewsky-com/assets/logo3d/frames_dal/f_0005.png'
33:04.147  render           | Time: 07:04.98 (Saving: 00:00.05)
33:04.147  render           | Rendering frame 6
33:04.149  render           | Start rendering: Scene, ViewLayer
33:04.149  render           | Engine: Cycles
33:05.327  render           | Fra: 6 | Mem: 0M | Synchronizing object | L_0_m
33:05.328  render           | Fra: 6 | Mem: 0M | Synchronizing object | L_1_i
33:05.328  render           | Fra: 6 | Mem: 0M | Synchronizing object | L_0_m
33:05.328  render           | Fra: 6 | Mem: 0M | Synchronizing object | L_2_o
33:05.328  render           | Fra: 6 | Mem: 0M | Synchronizing object | L_1_i
33:05.328  render           | Fra: 6 | Mem: 0M | Synchronizing object | L_2_o
33:05.328  render           | Fra: 6 | Mem: 0M | Synchronizing object | L_3_d
33:05.329  render           | Fra: 6 | Mem: 0M | Synchronizing object | L_4_u
33:05.329  render           | Fra: 6 | Mem: 0M | Synchronizing object | L_5_s
33:05.329  render           | Fra: 6 | Mem: 0M | Synchronizing object | L_4_u
33:05.329  render           | Fra: 6 | Mem: 0M | Synchronizing object | L_6_z
33:05.329  render           | Fra: 6 | Mem: 0M | Synchronizing object | L_5_s
33:05.329  render           | Fra: 6 | Mem: 0M | Synchronizing object | L_6_z
33:05.329  render           | Fra: 6 | Mem: 0M | Synchronizing object | L_7_e
33:05.330  render           | Fra: 6 | Mem: 0M | Synchronizing object | L_8_w
33:05.332  render           | Fra: 6 | Mem: 0M | Synchronizing object | L_9_s
33:05.332  render           | Fra: 6 | Mem: 0M | Synchronizing object | L_7_e
33:05.332  render           | Fra: 6 | Mem: 0M | Synchronizing object | L_10_k
33:05.333  render           | Fra: 6 | Mem: 0M | Synchronizing object | L_11_y
33:05.334  render           | Fra: 6 | Mem: 0M | Synchronizing object | rim_r
33:05.334  render           | Fra: 6 | Mem: 0M | Synchronizing object | rim_l
33:05.334  render           | Fra: 6 | Mem: 0M | Synchronizing object | fill
33:05.334  render           | Fra: 6 | Mem: 0M | Synchronizing object | key
33:05.334  render           | Fra: 6 | Mem: 0M | Synchronizing object | L_11_y
33:05.339  render           | Fra: 6 | Mem: 0M | Synchronizing object | L_8_w
33:05.374  render           | Fra: 6 | Mem: 0M | Synchronizing object | L_9_s
33:05.420  render           | Fra: 6 | Mem: 0M | Synchronizing object | L_10_k
33:05.502  render           | Fra: 6 | Mem: 0M | Initializing
33:05.503  render           | Fra: 6 | Mem: 0M | Waiting for render to start
33:05.503  render           | Fra: 6 | Mem: 0M | Updating Scene
33:05.503  render           | Fra: 6 | Mem: 0M | Updating Shaders
33:05.503  render           | Fra: 6 | Mem: 0M | Loading render kernels (may take a few minutes the first time)
33:05.504  render           | Fra: 6 | Mem: 1M | Updating Procedurals
33:05.504  render           | Fra: 6 | Mem: 1M | Updating Background
33:05.504  render           | Fra: 6 | Mem: 1M | Updating Camera
33:05.504  render           | Fra: 6 | Mem: 1M | Updating Meshes Flags
33:05.504  render           | Fra: 6 | Mem: 1M | Updating Objects
33:05.504  render           | Fra: 6 | Mem: 1M | Updating Objects | Copying Transformations to device
33:05.504  render           | Fra: 6 | Mem: 1M | Updating Particle Systems
33:05.504  render           | Fra: 6 | Mem: 1M | Updating Particle Systems | Copying Particles to device
33:05.504  render           | Fra: 6 | Mem: 1M | Updating Meshes
33:05.504  render           | Fra: 6 | Mem: 1M | Updating Objects | Applying Static Transformations
33:05.540  render           | Fra: 6 | Mem: 1M | Updating Mesh | Computing attributes
33:05.569  render           | Fra: 6 | Mem: 1M | Updating Mesh | Copying Attributes to device
33:05.639  render           | Fra: 6 | Mem: 105M | Updating Scene BVH | Building
33:05.639  render           | Fra: 6 | Mem: 105M | Updating Scene BVH | Building BVH
33:05.688  render           | Fra: 6 | Mem: 1198M | Updating Scene BVH | Building BVH 0%
33:05.938  render           | Fra: 6 | Mem: 1261M | Updating Scene BVH | Building BVH 4%
33:06.188  render           | Fra: 6 | Mem: 1509M | Updating Scene BVH | Building BVH 19%
33:06.438  render           | Fra: 6 | Mem: 1743M | Updating Scene BVH | Building BVH 33%
33:06.688  render           | Fra: 6 | Mem: 1963M | Updating Scene BVH | Building BVH 46%
33:06.939  render           | Fra: 6 | Mem: 2153M | Updating Scene BVH | Building BVH 57%
33:07.189  render           | Fra: 6 | Mem: 2369M | Updating Scene BVH | Building BVH 69%
33:07.439  render           | Fra: 6 | Mem: 2593M | Updating Scene BVH | Building BVH 82%
33:07.689  render           | Fra: 6 | Mem: 2809M | Updating Scene BVH | Building BVH 95%
33:07.841  render           | Fra: 6 | Mem: 2909M | Updating Scene BVH | Copying BVH to device
33:07.841  render           | Fra: 6 | Mem: 2909M | Updating Mesh | Computing normals
33:07.842  render           | Fra: 6 | Mem: 2909M | Updating Mesh | Copying Mesh to device
33:07.842  render           | Fra: 6 | Mem: 2912M | Updating Mesh | Copying Curves to device
33:08.055  render           | Fra: 6 | Mem: 3426M | Updating Objects Flags
33:08.055  render           | Fra: 6 | Mem: 3426M | Updating Primitive Offsets
33:08.055  render           | Fra: 6 | Mem: 3426M | Updating Images
33:08.055  render           | Fra: 6 | Mem: 3426M | Updating Volume
33:08.055  render           | Fra: 6 | Mem: 3426M | Updating Camera Volume
33:08.055  render           | Fra: 6 | Mem: 3426M | Updating Lookup Tables
33:08.055  render           | Fra: 6 | Mem: 3426M | Updating Lights
33:08.055  render           | Fra: 6 | Mem: 3426M | Updating Lights | Computing tree
33:08.055  render           | Fra: 6 | Mem: 3426M | Updating Integrator
33:08.056  render           | Fra: 6 | Mem: 3427M | Updating Film
33:08.056  render           | Fra: 6 | Mem: 3427M | Updating Lookup Tables
33:08.056  render           | Fra: 6 | Mem: 3427M | Updating Baking
33:08.056  render           | Fra: 6 | Mem: 3427M | Updating Device | Writing constant memory
33:08.056  render           | Fra: 6 | Mem: 3427M | Sample 0/256
33:10.190  render           | Fra: 6 | Remaining: 09:04.24 | Mem: 3463M | Sample 1/256
33:38.841  render           | Fra: 6 | Remaining: 07:12.80 | Mem: 3463M | Sample 17/256
34:07.384  render           | Fra: 6 | Remaining: 06:40.91 | Mem: 3463M | Sample 33/256
34:35.556  render           | Fra: 6 | Remaining: 06:09.64 | Mem: 3463M | Sample 49/256
35:04.133  render           | Fra: 6 | Remaining: 05:41.08 | Mem: 3463M | Sample 65/256
35:30.573  render           | Fra: 6 | Remaining: 05:13.53 | Mem: 3463M | Sample 80/256
35:58.555  render           | Fra: 6 | Remaining: 04:44.16 | Mem: 3463M | Sample 96/256
36:26.434  render           | Fra: 6 | Remaining: 04:15.05 | Mem: 3463M | Sample 112/256
36:54.823  render           | Fra: 6 | Remaining: 03:46.76 | Mem: 3463M | Sample 128/256
37:23.394  render           | Fra: 6 | Remaining: 03:18.59 | Mem: 3463M | Sample 144/256
37:52.459  render           | Fra: 6 | Remaining: 02:50.64 | Mem: 3463M | Sample 160/256
38:21.570  render           | Fra: 6 | Remaining: 02:22.50 | Mem: 3463M | Sample 176/256
38:50.321  render           | Fra: 6 | Remaining: 01:54.08 | Mem: 3463M | Sample 192/256
39:18.769  render           | Fra: 6 | Remaining: 01:25.54 | Mem: 3463M | Sample 208/256
39:46.735  render           | Fra: 6 | Remaining: 00:56.95 | Mem: 3463M | Sample 224/256
40:14.086  render           | Fra: 6 | Remaining: 00:28.40 | Mem: 3463M | Sample 240/256
40:41.049  render           | Fra: 6 | Mem: 3463M | Sample 256/256
40:41.050  render           | Fra: 6 | Mem: 3463M | Finished
40:41.163  render           | Saved: '/Users/kacpermioduszewski/mioduszewsky-com/assets/logo3d/frames_dal/f_0006.png'
40:41.163  render           | Time: 07:37.01 (Saving: 00:00.05)
40:41.163  render           | Rendering frame 7
40:41.166  render           | Start rendering: Scene, ViewLayer
40:41.166  render           | Engine: Cycles
40:42.237  render           | Fra: 7 | Mem: 0M | Synchronizing object | L_0_m
40:42.238  render           | Fra: 7 | Mem: 0M | Synchronizing object | L_1_i
40:42.238  render           | Fra: 7 | Mem: 0M | Synchronizing object | L_0_m
40:42.238  render           | Fra: 7 | Mem: 0M | Synchronizing object | L_2_o
40:42.238  render           | Fra: 7 | Mem: 0M | Synchronizing object | L_1_i
40:42.238  render           | Fra: 7 | Mem: 0M | Synchronizing object | L_3_d
40:42.238  render           | Fra: 7 | Mem: 0M | Synchronizing object | L_2_o
40:42.239  render           | Fra: 7 | Mem: 0M | Synchronizing object | L_4_u
40:42.239  render           | Fra: 7 | Mem: 0M | Synchronizing object | L_3_d
40:42.239  render           | Fra: 7 | Mem: 0M | Synchronizing object | L_5_s
40:42.239  render           | Fra: 7 | Mem: 0M | Synchronizing object | L_4_u
40:42.239  render           | Fra: 7 | Mem: 0M | Synchronizing object | L_5_s
40:42.239  render           | Fra: 7 | Mem: 0M | Synchronizing object | L_6_z
40:42.240  render           | Fra: 7 | Mem: 0M | Synchronizing object | L_7_e
40:42.240  render           | Fra: 7 | Mem: 0M | Synchronizing object | L_8_w
40:42.241  render           | Fra: 7 | Mem: 0M | Synchronizing object | L_9_s
40:42.241  render           | Fra: 7 | Mem: 0M | Synchronizing object | L_8_w
40:42.242  render           | Fra: 7 | Mem: 0M | Synchronizing object | L_10_k
40:42.243  render           | Fra: 7 | Mem: 0M | Synchronizing object | L_11_y
40:42.244  render           | Fra: 7 | Mem: 0M | Synchronizing object | rim_r
40:42.244  render           | Fra: 7 | Mem: 0M | Synchronizing object | rim_l
40:42.244  render           | Fra: 7 | Mem: 0M | Synchronizing object | fill
40:42.244  render           | Fra: 7 | Mem: 0M | Synchronizing object | key
40:42.244  render           | Fra: 7 | Mem: 0M | Synchronizing object | L_11_y
40:42.281  render           | Fra: 7 | Mem: 0M | Synchronizing object | L_9_s
40:42.323  render           | Fra: 7 | Mem: 0M | Synchronizing object | L_10_k
40:42.407  render           | Fra: 7 | Mem: 0M | Initializing
40:42.408  render           | Fra: 7 | Mem: 0M | Waiting for render to start
40:42.408  render           | Fra: 7 | Mem: 0M | Updating Scene
40:42.408  render           | Fra: 7 | Mem: 0M | Updating Shaders
40:42.408  render           | Fra: 7 | Mem: 0M | Loading render kernels (may take a few minutes the first time)
40:42.409  render           | Fra: 7 | Mem: 1M | Updating Procedurals
40:42.409  render           | Fra: 7 | Mem: 1M | Updating Background
40:42.409  render           | Fra: 7 | Mem: 1M | Updating Camera
40:42.409  render           | Fra: 7 | Mem: 1M | Updating Meshes Flags
40:42.409  render           | Fra: 7 | Mem: 1M | Updating Objects
40:42.409  render           | Fra: 7 | Mem: 1M | Updating Objects | Copying Transformations to device
40:42.409  render           | Fra: 7 | Mem: 1M | Updating Particle Systems
40:42.409  render           | Fra: 7 | Mem: 1M | Updating Particle Systems | Copying Particles to device
40:42.409  render           | Fra: 7 | Mem: 1M | Updating Meshes
40:42.409  render           | Fra: 7 | Mem: 1M | Updating Objects | Applying Static Transformations
40:42.442  render           | Fra: 7 | Mem: 1M | Updating Mesh | Computing attributes
40:42.468  render           | Fra: 7 | Mem: 1M | Updating Mesh | Copying Attributes to device
40:42.532  render           | Fra: 7 | Mem: 105M | Updating Scene BVH | Building
40:42.532  render           | Fra: 7 | Mem: 105M | Updating Scene BVH | Building BVH
40:42.586  render           | Fra: 7 | Mem: 1198M | Updating Scene BVH | Building BVH 0%
40:42.836  render           | Fra: 7 | Mem: 1285M | Updating Scene BVH | Building BVH 5%
40:43.086  render           | Fra: 7 | Mem: 1555M | Updating Scene BVH | Building BVH 21%
40:43.336  render           | Fra: 7 | Mem: 1831M | Updating Scene BVH | Building BVH 37%
40:43.586  render           | Fra: 7 | Mem: 2095M | Updating Scene BVH | Building BVH 53%
40:43.837  render           | Fra: 7 | Mem: 2327M | Updating Scene BVH | Building BVH 67%
40:44.087  render           | Fra: 7 | Mem: 2537M | Updating Scene BVH | Building BVH 78%
40:44.338  render           | Fra: 7 | Mem: 2789M | Updating Scene BVH | Building BVH 93%
40:44.465  render           | Fra: 7 | Mem: 2907M | Updating Scene BVH | Copying BVH to device
40:44.465  render           | Fra: 7 | Mem: 2907M | Updating Mesh | Computing normals
40:44.466  render           | Fra: 7 | Mem: 2907M | Updating Mesh | Copying Mesh to device
40:44.466  render           | Fra: 7 | Mem: 2910M | Updating Mesh | Copying Curves to device
40:44.555  render           | Fra: 7 | Mem: 3424M | Updating Objects Flags
40:44.555  render           | Fra: 7 | Mem: 3424M | Updating Primitive Offsets
40:44.556  render           | Fra: 7 | Mem: 3424M | Updating Images
40:44.556  render           | Fra: 7 | Mem: 3424M | Updating Volume
40:44.556  render           | Fra: 7 | Mem: 3424M | Updating Camera Volume
40:44.556  render           | Fra: 7 | Mem: 3424M | Updating Lookup Tables
40:44.556  render           | Fra: 7 | Mem: 3424M | Updating Lights
40:44.556  render           | Fra: 7 | Mem: 3424M | Updating Lights | Computing tree
40:44.556  render           | Fra: 7 | Mem: 3424M | Updating Integrator
40:44.556  render           | Fra: 7 | Mem: 3425M | Updating Film
40:44.556  render           | Fra: 7 | Mem: 3425M | Updating Lookup Tables
40:44.556  render           | Fra: 7 | Mem: 3425M | Updating Baking
40:44.556  render           | Fra: 7 | Mem: 3425M | Updating Device | Writing constant memory
40:44.556  render           | Fra: 7 | Mem: 3425M | Sample 0/256
40:46.463  render           | Fra: 7 | Remaining: 08:06.34 | Mem: 3461M | Sample 1/256
41:14.198  render           | Fra: 7 | Remaining: 06:56.72 | Mem: 3461M | Sample 17/256
41:42.321  render           | Fra: 7 | Remaining: 06:30.35 | Mem: 3461M | Sample 33/256
42:09.840  render           | Fra: 7 | Remaining: 06:00.28 | Mem: 3461M | Sample 49/256
42:37.556  render           | Fra: 7 | Remaining: 05:32.04 | Mem: 3461M | Sample 65/256
43:03.437  render           | Fra: 7 | Remaining: 05:05.53 | Mem: 3461M | Sample 80/256
43:30.860  render           | Fra: 7 | Remaining: 04:37.17 | Mem: 3461M | Sample 96/256
43:58.254  render           | Fra: 7 | Remaining: 04:09.04 | Mem: 3461M | Sample 112/256
44:26.079  render           | Fra: 7 | Remaining: 03:41.52 | Mem: 3461M | Sample 128/256
44:53.715  render           | Fra: 7 | Remaining: 03:13.79 | Mem: 3461M | Sample 144/256
45:21.820  render           | Fra: 7 | Remaining: 02:46.35 | Mem: 3461M | Sample 160/256
45:50.358  render           | Fra: 7 | Remaining: 02:19.00 | Mem: 3461M | Sample 176/256
46:19.119  render           | Fra: 7 | Remaining: 01:51.52 | Mem: 3461M | Sample 192/256
46:48.074  render           | Fra: 7 | Remaining: 01:23.88 | Mem: 3461M | Sample 208/256
47:16.489  render           | Fra: 7 | Remaining: 00:55.99 | Mem: 3461M | Sample 224/256
47:44.953  render           | Fra: 7 | Remaining: 00:28.02 | Mem: 3461M | Sample 240/256
48:13.254  render           | Fra: 7 | Mem: 3461M | Sample 256/256
48:13.254  render           | Fra: 7 | Mem: 3461M | Finished
48:13.362  render           | Saved: '/Users/kacpermioduszewski/mioduszewsky-com/assets/logo3d/frames_dal/f_0007.png'
48:13.362  render           | Time: 07:32.19 (Saving: 00:00.05)
48:13.362  render           | Rendering frame 8
48:13.364  render           | Start rendering: Scene, ViewLayer
48:13.364  render           | Engine: Cycles
48:14.490  render           | Fra: 8 | Mem: 0M | Synchronizing object | L_0_m
48:14.491  render           | Fra: 8 | Mem: 0M | Synchronizing object | L_1_i
48:14.491  render           | Fra: 8 | Mem: 0M | Synchronizing object | L_0_m
48:14.491  render           | Fra: 8 | Mem: 0M | Synchronizing object | L_1_i
48:14.491  render           | Fra: 8 | Mem: 0M | Synchronizing object | L_2_o
48:14.491  render           | Fra: 8 | Mem: 0M | Synchronizing object | L_3_d
48:14.491  render           | Fra: 8 | Mem: 0M | Synchronizing object | L_4_u
48:14.492  render           | Fra: 8 | Mem: 0M | Synchronizing object | L_5_s
48:14.492  render           | Fra: 8 | Mem: 0M | Synchronizing object | L_4_u
48:14.492  render           | Fra: 8 | Mem: 0M | Synchronizing object | L_5_s
48:14.492  render           | Fra: 8 | Mem: 0M | Synchronizing object | L_6_z
48:14.492  render           | Fra: 8 | Mem: 0M | Synchronizing object | L_7_e
48:14.492  render           | Fra: 8 | Mem: 0M | Synchronizing object | L_6_z
48:14.493  render           | Fra: 8 | Mem: 0M | Synchronizing object | L_7_e
48:14.493  render           | Fra: 8 | Mem: 0M | Synchronizing object | L_8_w
48:14.494  render           | Fra: 8 | Mem: 0M | Synchronizing object | L_9_s
48:14.495  render           | Fra: 8 | Mem: 0M | Synchronizing object | L_10_k
48:14.496  render           | Fra: 8 | Mem: 0M | Synchronizing object | L_11_y
48:14.497  render           | Fra: 8 | Mem: 0M | Synchronizing object | rim_r
48:14.497  render           | Fra: 8 | Mem: 0M | Synchronizing object | rim_l
48:14.497  render           | Fra: 8 | Mem: 0M | Synchronizing object | fill
48:14.497  render           | Fra: 8 | Mem: 0M | Synchronizing object | key
48:14.497  render           | Fra: 8 | Mem: 0M | Synchronizing object | L_11_y
48:14.499  render           | Fra: 8 | Mem: 0M | Synchronizing object | L_8_w
48:14.535  render           | Fra: 8 | Mem: 0M | Synchronizing object | L_9_s
48:14.582  render           | Fra: 8 | Mem: 0M | Synchronizing object | L_10_k
48:14.665  render           | Fra: 8 | Mem: 0M | Initializing
48:14.666  render           | Fra: 8 | Mem: 0M | Waiting for render to start
48:14.666  render           | Fra: 8 | Mem: 0M | Updating Scene
48:14.666  render           | Fra: 8 | Mem: 0M | Updating Shaders
48:14.666  render           | Fra: 8 | Mem: 0M | Loading render kernels (may take a few minutes the first time)
48:14.667  render           | Fra: 8 | Mem: 1M | Updating Procedurals
48:14.667  render           | Fra: 8 | Mem: 1M | Updating Background
48:14.667  render           | Fra: 8 | Mem: 1M | Updating Camera
48:14.667  render           | Fra: 8 | Mem: 1M | Updating Meshes Flags
48:14.667  render           | Fra: 8 | Mem: 1M | Updating Objects
48:14.667  render           | Fra: 8 | Mem: 1M | Updating Objects | Copying Transformations to device
48:14.667  render           | Fra: 8 | Mem: 1M | Updating Particle Systems
48:14.667  render           | Fra: 8 | Mem: 1M | Updating Particle Systems | Copying Particles to device
48:14.667  render           | Fra: 8 | Mem: 1M | Updating Meshes
48:14.667  render           | Fra: 8 | Mem: 1M | Updating Objects | Applying Static Transformations
48:14.701  render           | Fra: 8 | Mem: 1M | Updating Mesh | Computing attributes
48:14.723  render           | Fra: 8 | Mem: 1M | Updating Mesh | Copying Attributes to device
48:14.791  render           | Fra: 8 | Mem: 105M | Updating Scene BVH | Building
48:14.791  render           | Fra: 8 | Mem: 105M | Updating Scene BVH | Building BVH
48:14.839  render           | Fra: 8 | Mem: 1198M | Updating Scene BVH | Building BVH 0%
48:15.089  render           | Fra: 8 | Mem: 1277M | Updating Scene BVH | Building BVH 5%
48:15.339  render           | Fra: 8 | Mem: 1529M | Updating Scene BVH | Building BVH 19%
48:15.589  render           | Fra: 8 | Mem: 1787M | Updating Scene BVH | Building BVH 34%
48:15.840  render           | Fra: 8 | Mem: 2025M | Updating Scene BVH | Building BVH 48%
48:16.090  render           | Fra: 8 | Mem: 2245M | Updating Scene BVH | Building BVH 61%
48:16.340  render           | Fra: 8 | Mem: 2439M | Updating Scene BVH | Building BVH 73%
48:16.590  render           | Fra: 8 | Mem: 2695M | Updating Scene BVH | Building BVH 87%
48:16.848  render           | Fra: 8 | Mem: 2907M | Updating Scene BVH | Copying BVH to device
48:16.848  render           | Fra: 8 | Mem: 2907M | Updating Mesh | Computing normals
48:16.849  render           | Fra: 8 | Mem: 2907M | Updating Mesh | Copying Mesh to device
48:16.849  render           | Fra: 8 | Mem: 2910M | Updating Mesh | Copying Curves to device
48:16.937  render           | Fra: 8 | Mem: 3424M | Updating Objects Flags
48:16.937  render           | Fra: 8 | Mem: 3424M | Updating Primitive Offsets
48:16.937  render           | Fra: 8 | Mem: 3424M | Updating Images
48:16.937  render           | Fra: 8 | Mem: 3424M | Updating Volume
48:16.937  render           | Fra: 8 | Mem: 3424M | Updating Camera Volume
48:16.937  render           | Fra: 8 | Mem: 3424M | Updating Lookup Tables
48:16.937  render           | Fra: 8 | Mem: 3424M | Updating Lights
48:16.937  render           | Fra: 8 | Mem: 3424M | Updating Lights | Computing tree
48:16.937  render           | Fra: 8 | Mem: 3424M | Updating Integrator
48:16.938  render           | Fra: 8 | Mem: 3425M | Updating Film
48:16.938  render           | Fra: 8 | Mem: 3425M | Updating Lookup Tables
48:16.938  render           | Fra: 8 | Mem: 3425M | Updating Baking
48:16.938  render           | Fra: 8 | Mem: 3425M | Updating Device | Writing constant memory
48:16.938  render           | Fra: 8 | Mem: 3425M | Sample 0/256
48:18.922  render           | Fra: 8 | Remaining: 08:25.87 | Mem: 3461M | Sample 1/256
48:47.747  render           | Fra: 8 | Remaining: 07:13.14 | Mem: 3461M | Sample 17/256
49:16.521  render           | Fra: 8 | Remaining: 06:42.63 | Mem: 3461M | Sample 33/256
49:45.177  render           | Fra: 8 | Remaining: 06:12.76 | Mem: 3461M | Sample 49/256
50:13.805  render           | Fra: 8 | Remaining: 05:43.40 | Mem: 3461M | Sample 65/256
50:40.548  render           | Fra: 8 | Remaining: 05:15.94 | Mem: 3461M | Sample 80/256
51:08.424  render           | Fra: 8 | Remaining: 04:45.81 | Mem: 3461M | Sample 96/256
51:36.369  render           | Fra: 8 | Remaining: 04:16.41 | Mem: 3461M | Sample 112/256
52:04.501  render           | Fra: 8 | Remaining: 03:47.56 | Mem: 3461M | Sample 128/256
52:32.580  render           | Fra: 8 | Remaining: 03:18.83 | Mem: 3461M | Sample 144/256
53:00.838  render           | Fra: 8 | Remaining: 02:50.34 | Mem: 3461M | Sample 160/256
53:28.918  render           | Fra: 8 | Remaining: 02:21.80 | Mem: 3461M | Sample 176/256
53:57.351  render           | Fra: 8 | Remaining: 01:53.47 | Mem: 3461M | Sample 192/256
54:25.849  render           | Fra: 8 | Remaining: 01:25.13 | Mem: 3461M | Sample 208/256
54:53.878  render           | Fra: 8 | Remaining: 00:56.70 | Mem: 3461M | Sample 224/256
55:21.831  render           | Fra: 8 | Remaining: 00:28.32 | Mem: 3461M | Sample 240/256
55:49.893  render           | Fra: 8 | Mem: 3461M | Sample 256/256
55:49.894  render           | Fra: 8 | Mem: 3461M | Finished
55:50.009  render           | Saved: '/Users/kacpermioduszewski/mioduszewsky-com/assets/logo3d/frames_dal/f_0008.png'
55:50.009  render           | Time: 07:36.64 (Saving: 00:00.05)
55:50.009  render           | Rendering frame 9
55:50.012  render           | Start rendering: Scene, ViewLayer
55:50.012  render           | Engine: Cycles
55:51.114  render           | Fra: 9 | Mem: 0M | Synchronizing object | L_0_m
55:51.115  render           | Fra: 9 | Mem: 0M | Synchronizing object | L_1_i
55:51.115  render           | Fra: 9 | Mem: 0M | Synchronizing object | L_2_o
55:51.115  render           | Fra: 9 | Mem: 0M | Synchronizing object | L_3_d
55:51.115  render           | Fra: 9 | Mem: 0M | Synchronizing object | L_4_u
55:51.116  render           | Fra: 9 | Mem: 0M | Synchronizing object | L_5_s
55:51.116  render           | Fra: 9 | Mem: 0M | Synchronizing object | L_6_z
55:51.116  render           | Fra: 9 | Mem: 0M | Synchronizing object | L_5_s
55:51.117  render           | Fra: 9 | Mem: 0M | Synchronizing object | L_6_z
55:51.117  render           | Fra: 9 | Mem: 0M | Synchronizing object | L_7_e
55:51.117  render           | Fra: 9 | Mem: 0M | Synchronizing object | L_8_w
55:51.118  render           | Fra: 9 | Mem: 0M | Synchronizing object | L_9_s
55:51.118  render           | Fra: 9 | Mem: 0M | Synchronizing object | L_8_w
55:51.119  render           | Fra: 9 | Mem: 0M | Synchronizing object | L_10_k
55:51.119  render           | Fra: 9 | Mem: 0M | Synchronizing object | L_11_y
55:51.120  render           | Fra: 9 | Mem: 0M | Synchronizing object | rim_r
55:51.120  render           | Fra: 9 | Mem: 0M | Synchronizing object | rim_l
55:51.120  render           | Fra: 9 | Mem: 0M | Synchronizing object | fill
55:51.120  render           | Fra: 9 | Mem: 0M | Synchronizing object | key
55:51.120  render           | Fra: 9 | Mem: 0M | Synchronizing object | L_11_y
55:51.159  render           | Fra: 9 | Mem: 0M | Synchronizing object | L_9_s
55:51.202  render           | Fra: 9 | Mem: 0M | Synchronizing object | L_10_k
55:51.294  render           | Fra: 9 | Mem: 0M | Initializing
55:51.295  render           | Fra: 9 | Mem: 0M | Waiting for render to start
55:51.295  render           | Fra: 9 | Mem: 0M | Updating Scene
55:51.295  render           | Fra: 9 | Mem: 0M | Updating Shaders
55:51.295  render           | Fra: 9 | Mem: 0M | Loading render kernels (may take a few minutes the first time)
55:51.295  render           | Fra: 9 | Mem: 1M | Updating Procedurals
55:51.295  render           | Fra: 9 | Mem: 1M | Updating Background
55:51.295  render           | Fra: 9 | Mem: 1M | Updating Camera
55:51.295  render           | Fra: 9 | Mem: 1M | Updating Meshes Flags
55:51.295  render           | Fra: 9 | Mem: 1M | Updating Objects
55:51.295  render           | Fra: 9 | Mem: 1M | Updating Objects | Copying Transformations to device
55:51.295  render           | Fra: 9 | Mem: 1M | Updating Particle Systems
55:51.295  render           | Fra: 9 | Mem: 1M | Updating Particle Systems | Copying Particles to device
55:51.295  render           | Fra: 9 | Mem: 1M | Updating Meshes
55:51.295  render           | Fra: 9 | Mem: 1M | Updating Objects | Applying Static Transformations
55:51.328  render           | Fra: 9 | Mem: 1M | Updating Mesh | Computing attributes
55:51.350  render           | Fra: 9 | Mem: 1M | Updating Mesh | Copying Attributes to device
55:51.416  render           | Fra: 9 | Mem: 105M | Updating Scene BVH | Building
55:51.416  render           | Fra: 9 | Mem: 105M | Updating Scene BVH | Building BVH
55:51.464  render           | Fra: 9 | Mem: 1198M | Updating Scene BVH | Building BVH 0%
55:51.714  render           | Fra: 9 | Mem: 1257M | Updating Scene BVH | Building BVH 3%
55:51.964  render           | Fra: 9 | Mem: 1525M | Updating Scene BVH | Building BVH 19%
55:52.214  render           | Fra: 9 | Mem: 1779M | Updating Scene BVH | Building BVH 34%
55:52.465  render           | Fra: 9 | Mem: 2029M | Updating Scene BVH | Building BVH 49%
55:52.715  render           | Fra: 9 | Mem: 2277M | Updating Scene BVH | Building BVH 63%
55:52.965  render           | Fra: 9 | Mem: 2493M | Updating Scene BVH | Building BVH 75%
55:53.216  render           | Fra: 9 | Mem: 2705M | Updating Scene BVH | Building BVH 88%
55:53.427  render           | Fra: 9 | Mem: 2909M | Updating Scene BVH | Copying BVH to device
55:53.427  render           | Fra: 9 | Mem: 2909M | Updating Mesh | Computing normals
55:53.428  render           | Fra: 9 | Mem: 2909M | Updating Mesh | Copying Mesh to device
55:53.428  render           | Fra: 9 | Mem: 2912M | Updating Mesh | Copying Curves to device
55:53.543  render           | Fra: 9 | Mem: 3426M | Updating Objects Flags
55:53.543  render           | Fra: 9 | Mem: 3426M | Updating Primitive Offsets
55:53.543  render           | Fra: 9 | Mem: 3426M | Updating Images
55:53.543  render           | Fra: 9 | Mem: 3426M | Updating Volume
55:53.543  render           | Fra: 9 | Mem: 3426M | Updating Camera Volume
55:53.543  render           | Fra: 9 | Mem: 3426M | Updating Lookup Tables
55:53.543  render           | Fra: 9 | Mem: 3426M | Updating Lights
55:53.543  render           | Fra: 9 | Mem: 3426M | Updating Lights | Computing tree
55:53.543  render           | Fra: 9 | Mem: 3426M | Updating Integrator
55:53.543  render           | Fra: 9 | Mem: 3427M | Updating Film
55:53.543  render           | Fra: 9 | Mem: 3427M | Updating Lookup Tables
55:53.543  render           | Fra: 9 | Mem: 3427M | Updating Baking
55:53.543  render           | Fra: 9 | Mem: 3427M | Updating Device | Writing constant memory
55:53.543  render           | Fra: 9 | Mem: 3427M | Sample 0/256
55:55.470  render           | Fra: 9 | Remaining: 08:11.38 | Mem: 3463M | Sample 1/256
56:23.773  render           | Fra: 9 | Remaining: 07:04.99 | Mem: 3463M | Sample 17/256
56:51.998  render           | Fra: 9 | Remaining: 06:35.00 | Mem: 3463M | Sample 33/256
57:20.469  render           | Fra: 9 | Remaining: 06:07.21 | Mem: 3463M | Sample 49/256
57:48.817  render           | Fra: 9 | Remaining: 05:38.72 | Mem: 3463M | Sample 65/256
58:15.076  render           | Fra: 9 | Remaining: 05:11.37 | Mem: 3463M | Sample 80/256
58:43.266  render           | Fra: 9 | Remaining: 04:42.87 | Mem: 3463M | Sample 96/256
59:11.269  render           | Fra: 9 | Remaining: 04:14.21 | Mem: 3463M | Sample 112/256
59:41.171  render           | Fra: 9 | Remaining: 03:47.62 | Mem: 3463M | Sample 128/256
01:00:09.851  render           | Fra: 9 | Remaining: 03:19.35 | Mem: 3463M | Sample 144/256
01:00:39.346  render           | Fra: 9 | Remaining: 02:51.48 | Mem: 3463M | Sample 160/256
01:01:08.395  render           | Fra: 9 | Remaining: 02:23.11 | Mem: 3463M | Sample 176/256
01:01:37.167  render           | Fra: 9 | Remaining: 01:54.54 | Mem: 3463M | Sample 192/256
01:02:05.219  render           | Fra: 9 | Remaining: 01:25.77 | Mem: 3463M | Sample 208/256
01:02:32.937  render           | Fra: 9 | Remaining: 00:57.05 | Mem: 3463M | Sample 224/256
01:03:00.724  render           | Fra: 9 | Remaining: 00:28.47 | Mem: 3463M | Sample 240/256
01:03:28.978  render           | Fra: 9 | Mem: 3463M | Sample 256/256
01:03:28.978  render           | Fra: 9 | Mem: 3463M | Finished
01:03:29.096  render           | Saved: '/Users/kacpermioduszewski/mioduszewsky-com/assets/logo3d/frames_dal/f_0009.png'
01:03:29.096  render           | Time: 07:39.08 (Saving: 00:00.05)
01:03:29.096  render           | Rendering frame 10
01:03:29.099  render           | Start rendering: Scene, ViewLayer
01:03:29.099  render           | Engine: Cycles
01:03:30.180  render           | Fra: 10 | Mem: 0M | Synchronizing object | L_0_m
01:03:30.181  render           | Fra: 10 | Mem: 0M | Synchronizing object | L_1_i
01:03:30.181  render           | Fra: 10 | Mem: 0M | Synchronizing object | L_2_o
01:03:30.182  render           | Fra: 10 | Mem: 0M | Synchronizing object | L_3_d
01:03:30.182  render           | Fra: 10 | Mem: 0M | Synchronizing object | L_4_u
01:03:30.182  render           | Fra: 10 | Mem: 0M | Synchronizing object | L_5_s
01:03:30.183  render           | Fra: 10 | Mem: 0M | Synchronizing object | L_6_z
01:03:30.183  render           | Fra: 10 | Mem: 0M | Synchronizing object | L_5_s
01:03:30.183  render           | Fra: 10 | Mem: 0M | Synchronizing object | L_7_e
01:03:30.184  render           | Fra: 10 | Mem: 0M | Synchronizing object | L_8_w
01:03:30.185  render           | Fra: 10 | Mem: 0M | Synchronizing object | L_9_s
01:03:30.186  render           | Fra: 10 | Mem: 0M | Synchronizing object | L_6_z
01:03:30.186  render           | Fra: 10 | Mem: 0M | Synchronizing object | L_10_k
01:03:30.187  render           | Fra: 10 | Mem: 0M | Synchronizing object | L_11_y
01:03:30.188  render           | Fra: 10 | Mem: 0M | Synchronizing object | rim_r
01:03:30.188  render           | Fra: 10 | Mem: 0M | Synchronizing object | rim_l
01:03:30.188  render           | Fra: 10 | Mem: 0M | Synchronizing object | fill
01:03:30.188  render           | Fra: 10 | Mem: 0M | Synchronizing object | key
01:03:30.188  render           | Fra: 10 | Mem: 0M | Synchronizing object | L_11_y
01:03:30.222  render           | Fra: 10 | Mem: 0M | Synchronizing object | L_7_e
01:03:30.237  render           | Fra: 10 | Mem: 0M | Synchronizing object | L_8_w
01:03:30.238  render           | Fra: 10 | Mem: 0M | Synchronizing object | L_9_s
01:03:30.270  render           | Fra: 10 | Mem: 0M | Synchronizing object | L_10_k
01:03:30.365  render           | Fra: 10 | Mem: 0M | Initializing
01:03:30.366  render           | Fra: 10 | Mem: 0M | Waiting for render to start
01:03:30.366  render           | Fra: 10 | Mem: 0M | Updating Scene
01:03:30.366  render           | Fra: 10 | Mem: 0M | Updating Shaders
01:03:30.366  render           | Fra: 10 | Mem: 0M | Loading render kernels (may take a few minutes the first time)
01:03:30.366  render           | Fra: 10 | Mem: 1M | Updating Procedurals
01:03:30.366  render           | Fra: 10 | Mem: 1M | Updating Background
01:03:30.366  render           | Fra: 10 | Mem: 1M | Updating Camera
01:03:30.366  render           | Fra: 10 | Mem: 1M | Updating Meshes Flags
01:03:30.366  render           | Fra: 10 | Mem: 1M | Updating Objects
01:03:30.366  render           | Fra: 10 | Mem: 1M | Updating Objects | Copying Transformations to device
01:03:30.366  render           | Fra: 10 | Mem: 1M | Updating Particle Systems
01:03:30.366  render           | Fra: 10 | Mem: 1M | Updating Particle Systems | Copying Particles to device
01:03:30.366  render           | Fra: 10 | Mem: 1M | Updating Meshes
01:03:30.366  render           | Fra: 10 | Mem: 1M | Updating Objects | Applying Static Transformations
01:03:30.399  render           | Fra: 10 | Mem: 1M | Updating Mesh | Computing attributes
01:03:30.420  render           | Fra: 10 | Mem: 1M | Updating Mesh | Copying Attributes to device
01:03:30.487  render           | Fra: 10 | Mem: 105M | Updating Scene BVH | Building
01:03:30.487  render           | Fra: 10 | Mem: 105M | Updating Scene BVH | Building BVH
01:03:30.548  render           | Fra: 10 | Mem: 1198M | Updating Scene BVH | Building BVH 0%
01:03:30.798  render           | Fra: 10 | Mem: 1251M | Updating Scene BVH | Building BVH 3%
01:03:31.049  render           | Fra: 10 | Mem: 1533M | Updating Scene BVH | Building BVH 20%
01:03:31.299  render           | Fra: 10 | Mem: 1781M | Updating Scene BVH | Building BVH 35%
01:03:31.549  render           | Fra: 10 | Mem: 2015M | Updating Scene BVH | Building BVH 48%
01:03:31.799  render           | Fra: 10 | Mem: 2211M | Updating Scene BVH | Building BVH 60%
01:03:32.049  render           | Fra: 10 | Mem: 2453M | Updating Scene BVH | Building BVH 74%
01:03:32.299  render           | Fra: 10 | Mem: 2697M | Updating Scene BVH | Building BVH 88%
01:03:32.519  render           | Fra: 10 | Mem: 2903M | Updating Scene BVH | Copying BVH to device
01:03:32.519  render           | Fra: 10 | Mem: 2903M | Updating Mesh | Computing normals
01:03:32.520  render           | Fra: 10 | Mem: 2903M | Updating Mesh | Copying Mesh to device
01:03:32.520  render           | Fra: 10 | Mem: 2906M | Updating Mesh | Copying Curves to device
01:03:32.693  render           | Fra: 10 | Mem: 3420M | Updating Objects Flags
01:03:32.693  render           | Fra: 10 | Mem: 3420M | Updating Primitive Offsets
01:03:32.693  render           | Fra: 10 | Mem: 3420M | Updating Images
01:03:32.693  render           | Fra: 10 | Mem: 3420M | Updating Volume
01:03:32.693  render           | Fra: 10 | Mem: 3420M | Updating Camera Volume
01:03:32.693  render           | Fra: 10 | Mem: 3420M | Updating Lookup Tables
01:03:32.693  render           | Fra: 10 | Mem: 3420M | Updating Lights
01:03:32.693  render           | Fra: 10 | Mem: 3420M | Updating Lights | Computing tree
01:03:32.693  render           | Fra: 10 | Mem: 3420M | Updating Integrator
01:03:32.693  render           | Fra: 10 | Mem: 3421M | Updating Film
01:03:32.693  render           | Fra: 10 | Mem: 3421M | Updating Lookup Tables
01:03:32.693  render           | Fra: 10 | Mem: 3421M | Updating Baking
01:03:32.693  render           | Fra: 10 | Mem: 3421M | Updating Device | Writing constant memory
01:03:32.693  render           | Fra: 10 | Mem: 3421M | Sample 0/256
01:03:34.578  render           | Fra: 10 | Remaining: 08:00.51 | Mem: 3457M | Sample 1/256
01:04:02.324  render           | Fra: 10 | Remaining: 06:56.56 | Mem: 3457M | Sample 17/256
01:04:29.679  render           | Fra: 10 | Remaining: 06:25.08 | Mem: 3457M | Sample 33/256
01:04:57.178  render           | Fra: 10 | Remaining: 05:56.90 | Mem: 3457M | Sample 49/256
01:05:24.970  render           | Fra: 10 | Remaining: 05:29.92 | Mem: 3457M | Sample 65/256
01:05:50.855  render           | Fra: 10 | Remaining: 05:03.95 | Mem: 3457M | Sample 80/256
01:06:18.226  render           | Fra: 10 | Remaining: 04:35.88 | Mem: 3457M | Sample 96/256
01:06:45.341  render           | Fra: 10 | Remaining: 04:07.68 | Mem: 3457M | Sample 112/256
01:07:12.392  render           | Fra: 10 | Remaining: 03:39.69 | Mem: 3457M | Sample 128/256
01:07:39.329  render           | Fra: 10 | Remaining: 03:11.82 | Mem: 3457M | Sample 144/256
01:08:06.347  render           | Fra: 10 | Remaining: 02:44.19 | Mem: 3457M | Sample 160/256
01:08:33.391  render           | Fra: 10 | Remaining: 02:16.68 | Mem: 3457M | Sample 176/256
01:09:00.481  render           | Fra: 10 | Remaining: 01:49.26 | Mem: 3457M | Sample 192/256
01:09:27.698  render           | Fra: 10 | Remaining: 01:21.92 | Mem: 3457M | Sample 208/256
01:09:54.835  render           | Fra: 10 | Remaining: 00:54.59 | Mem: 3457M | Sample 224/256
01:10:22.949  render           | Fra: 10 | Remaining: 00:27.35 | Mem: 3457M | Sample 240/256
01:10:50.319  render           | Fra: 10 | Mem: 3457M | Sample 256/256
01:10:50.319  render           | Fra: 10 | Mem: 3457M | Finished
01:10:50.424  render           | Saved: '/Users/kacpermioduszewski/mioduszewsky-com/assets/logo3d/frames_dal/f_0010.png'
01:10:50.424  render           | Time: 07:21.32 (Saving: 00:00.05)
01:10:50.425  render           | Rendering frame 11
01:10:50.427  render           | Start rendering: Scene, ViewLayer
01:10:50.427  render           | Engine: Cycles
01:10:51.491  render           | Fra: 11 | Mem: 0M | Synchronizing object | L_0_m
01:10:51.492  render           | Fra: 11 | Mem: 0M | Synchronizing object | L_1_i
01:10:51.492  render           | Fra: 11 | Mem: 0M | Synchronizing object | L_2_o
01:10:51.492  render           | Fra: 11 | Mem: 0M | Synchronizing object | L_1_i
01:10:51.492  render           | Fra: 11 | Mem: 0M | Synchronizing object | L_3_d
01:10:51.492  render           | Fra: 11 | Mem: 0M | Synchronizing object | L_2_o
01:10:51.492  render           | Fra: 11 | Mem: 0M | Synchronizing object | L_3_d
01:10:51.492  render           | Fra: 11 | Mem: 0M | Synchronizing object | L_4_u
01:10:51.493  render           | Fra: 11 | Mem: 0M | Synchronizing object | L_5_s
01:10:51.493  render           | Fra: 11 | Mem: 0M | Synchronizing object | L_4_u
01:10:51.493  render           | Fra: 11 | Mem: 0M | Synchronizing object | L_5_s
01:10:51.493  render           | Fra: 11 | Mem: 0M | Synchronizing object | L_6_z
01:10:51.493  render           | Fra: 11 | Mem: 0M | Synchronizing object | L_7_e
01:10:51.494  render           | Fra: 11 | Mem: 0M | Synchronizing object | L_8_w
01:10:51.494  render           | Fra: 11 | Mem: 0M | Synchronizing object | L_7_e
01:10:51.494  render           | Fra: 11 | Mem: 0M | Synchronizing object | L_8_w
01:10:51.494  render           | Fra: 11 | Mem: 0M | Synchronizing object | L_9_s
01:10:51.495  render           | Fra: 11 | Mem: 0M | Synchronizing object | L_10_k
01:10:51.496  render           | Fra: 11 | Mem: 0M | Synchronizing object | L_11_y
01:10:51.498  render           | Fra: 11 | Mem: 0M | Synchronizing object | rim_r
01:10:51.498  render           | Fra: 11 | Mem: 0M | Synchronizing object | rim_l
01:10:51.498  render           | Fra: 11 | Mem: 0M | Synchronizing object | fill
01:10:51.498  render           | Fra: 11 | Mem: 0M | Synchronizing object | key
01:10:51.498  render           | Fra: 11 | Mem: 0M | Synchronizing object | L_11_y
01:10:51.534  render           | Fra: 11 | Mem: 0M | Synchronizing object | L_9_s
01:10:51.582  render           | Fra: 11 | Mem: 0M | Synchronizing object | L_10_k
01:10:51.655  render           | Fra: 11 | Mem: 0M | Initializing
01:10:51.656  render           | Fra: 11 | Mem: 0M | Waiting for render to start
01:10:51.656  render           | Fra: 11 | Mem: 0M | Updating Scene
01:10:51.656  render           | Fra: 11 | Mem: 0M | Updating Shaders
01:10:51.656  render           | Fra: 11 | Mem: 0M | Loading render kernels (may take a few minutes the first time)
01:10:51.656  render           | Fra: 11 | Mem: 1M | Updating Procedurals
01:10:51.656  render           | Fra: 11 | Mem: 1M | Updating Background
01:10:51.656  render           | Fra: 11 | Mem: 1M | Updating Camera
01:10:51.656  render           | Fra: 11 | Mem: 1M | Updating Meshes Flags
01:10:51.656  render           | Fra: 11 | Mem: 1M | Updating Objects
01:10:51.656  render           | Fra: 11 | Mem: 1M | Updating Objects | Copying Transformations to device
01:10:51.656  render           | Fra: 11 | Mem: 1M | Updating Particle Systems
01:10:51.656  render           | Fra: 11 | Mem: 1M | Updating Particle Systems | Copying Particles to device
01:10:51.656  render           | Fra: 11 | Mem: 1M | Updating Meshes
01:10:51.656  render           | Fra: 11 | Mem: 1M | Updating Objects | Applying Static Transformations
01:10:51.689  render           | Fra: 11 | Mem: 1M | Updating Mesh | Computing attributes
01:10:51.710  render           | Fra: 11 | Mem: 1M | Updating Mesh | Copying Attributes to device
01:10:51.776  render           | Fra: 11 | Mem: 105M | Updating Scene BVH | Building
01:10:51.776  render           | Fra: 11 | Mem: 105M | Updating Scene BVH | Building BVH
01:10:51.824  render           | Fra: 11 | Mem: 1198M | Updating Scene BVH | Building BVH 0%
01:10:52.074  render           | Fra: 11 | Mem: 1283M | Updating Scene BVH | Building BVH 5%
01:10:52.324  render           | Fra: 11 | Mem: 1551M | Updating Scene BVH | Building BVH 21%
01:10:52.574  render           | Fra: 11 | Mem: 1833M | Updating Scene BVH | Building BVH 37%
01:10:52.824  render           | Fra: 11 | Mem: 2067M | Updating Scene BVH | Building BVH 51%
01:10:53.075  render           | Fra: 11 | Mem: 2321M | Updating Scene BVH | Building BVH 66%
01:10:53.325  render           | Fra: 11 | Mem: 2527M | Updating Scene BVH | Building BVH 78%
01:10:53.592  render           | Fra: 11 | Mem: 2747M | Updating Scene BVH | Building BVH 90%
01:10:53.757  render           | Fra: 11 | Mem: 2905M | Updating Scene BVH | Copying BVH to device
01:10:53.757  render           | Fra: 11 | Mem: 2905M | Updating Mesh | Computing normals
01:10:53.758  render           | Fra: 11 | Mem: 2905M | Updating Mesh | Copying Mesh to device
01:10:53.758  render           | Fra: 11 | Mem: 2908M | Updating Mesh | Copying Curves to device
01:10:53.840  render           | Fra: 11 | Mem: 3422M | Updating Objects Flags
01:10:53.840  render           | Fra: 11 | Mem: 3422M | Updating Primitive Offsets
01:10:53.840  render           | Fra: 11 | Mem: 3422M | Updating Images
01:10:53.840  render           | Fra: 11 | Mem: 3422M | Updating Volume
01:10:53.840  render           | Fra: 11 | Mem: 3422M | Updating Camera Volume
01:10:53.840  render           | Fra: 11 | Mem: 3422M | Updating Lookup Tables
01:10:53.840  render           | Fra: 11 | Mem: 3422M | Updating Lights
01:10:53.840  render           | Fra: 11 | Mem: 3422M | Updating Lights | Computing tree
01:10:53.840  render           | Fra: 11 | Mem: 3422M | Updating Integrator
01:10:53.840  render           | Fra: 11 | Mem: 3423M | Updating Film
01:10:53.840  render           | Fra: 11 | Mem: 3423M | Updating Lookup Tables
01:10:53.840  render           | Fra: 11 | Mem: 3423M | Updating Baking
01:10:53.840  render           | Fra: 11 | Mem: 3423M | Updating Device | Writing constant memory
01:10:53.840  render           | Fra: 11 | Mem: 3423M | Sample 0/256
01:10:55.759  render           | Fra: 11 | Remaining: 08:09.29 | Mem: 3459M | Sample 1/256
01:11:23.397  render           | Fra: 11 | Remaining: 06:55.53 | Mem: 3459M | Sample 17/256
01:11:51.105  render           | Fra: 11 | Remaining: 06:26.96 | Mem: 3459M | Sample 33/256
01:12:18.602  render           | Fra: 11 | Remaining: 05:58.07 | Mem: 3459M | Sample 49/256
01:12:45.682  render           | Fra: 11 | Remaining: 05:28.64 | Mem: 3459M | Sample 65/256
01:13:11.323  render           | Fra: 11 | Remaining: 05:02.46 | Mem: 3459M | Sample 80/256
01:13:38.356  render           | Fra: 11 | Remaining: 04:34.19 | Mem: 3459M | Sample 96/256
01:14:05.473  render           | Fra: 11 | Remaining: 04:06.38 | Mem: 3459M | Sample 112/256
01:14:32.736  render           | Fra: 11 | Remaining: 03:38.89 | Mem: 3459M | Sample 128/256
01:14:59.751  render           | Fra: 11 | Remaining: 03:11.26 | Mem: 3459M | Sample 144/256
01:15:26.651  render           | Fra: 11 | Remaining: 02:43.68 | Mem: 3459M | Sample 160/256
01:15:53.916  render           | Fra: 11 | Remaining: 02:16.39 | Mem: 3459M | Sample 176/256
01:16:20.642  render           | Fra: 11 | Remaining: 01:48.93 | Mem: 3459M | Sample 192/256
01:16:47.698  render           | Fra: 11 | Remaining: 01:21.65 | Mem: 3459M | Sample 208/256
01:17:14.730  render           | Fra: 11 | Remaining: 00:54.41 | Mem: 3459M | Sample 224/256
01:17:41.787  render           | Fra: 11 | Remaining: 00:27.19 | Mem: 3459M | Sample 240/256
01:18:08.691  render           | Fra: 11 | Mem: 3459M | Sample 256/256
01:18:08.691  render           | Fra: 11 | Mem: 3459M | Finished
01:18:08.807  render           | Saved: '/Users/kacpermioduszewski/mioduszewsky-com/assets/logo3d/frames_dal/f_0011.png'
01:18:08.807  render           | Time: 07:18.38 (Saving: 00:00.05)
01:18:08.807  render           | Rendering frame 12
01:18:08.810  render           | Start rendering: Scene, ViewLayer
01:18:08.810  render           | Engine: Cycles
01:18:09.908  render           | Fra: 12 | Mem: 0M | Synchronizing object | L_0_m
01:18:09.908  render           | Fra: 12 | Mem: 0M | Synchronizing object | L_1_i
01:18:09.908  render           | Fra: 12 | Mem: 0M | Synchronizing object | L_0_m
01:18:09.909  render           | Fra: 12 | Mem: 0M | Synchronizing object | L_2_o
01:18:09.909  render           | Fra: 12 | Mem: 0M | Synchronizing object | L_1_i
01:18:09.909  render           | Fra: 12 | Mem: 0M | Synchronizing object | L_2_o
01:18:09.909  render           | Fra: 12 | Mem: 0M | Synchronizing object | L_3_d
01:18:09.910  render           | Fra: 12 | Mem: 0M | Synchronizing object | L_4_u
01:18:09.910  render           | Fra: 12 | Mem: 0M | Synchronizing object | L_3_d
01:18:09.910  render           | Fra: 12 | Mem: 0M | Synchronizing object | L_5_s
01:18:09.910  render           | Fra: 12 | Mem: 0M | Synchronizing object | L_4_u
01:18:09.910  render           | Fra: 12 | Mem: 0M | Synchronizing object | L_6_z
01:18:09.911  render           | Fra: 12 | Mem: 0M | Synchronizing object | L_7_e
01:18:09.911  render           | Fra: 12 | Mem: 0M | Synchronizing object | L_5_s
01:18:09.911  render           | Fra: 12 | Mem: 0M | Synchronizing object | L_8_w
01:18:09.912  render           | Fra: 12 | Mem: 0M | Synchronizing object | L_6_z
01:18:09.912  render           | Fra: 12 | Mem: 0M | Synchronizing object | L_8_w
01:18:09.912  render           | Fra: 12 | Mem: 0M | Synchronizing object | L_10_k
01:18:09.913  render           | Fra: 12 | Mem: 0M | Synchronizing object | L_11_y
01:18:09.913  render           | Fra: 12 | Mem: 0M | Synchronizing object | rim_r
01:18:09.913  render           | Fra: 12 | Mem: 0M | Synchronizing object | rim_l
01:18:09.913  render           | Fra: 12 | Mem: 0M | Synchronizing object | fill
01:18:09.913  render           | Fra: 12 | Mem: 0M | Synchronizing object | key
01:18:09.913  render           | Fra: 12 | Mem: 0M | Synchronizing object | L_11_y
01:18:09.959  render           | Fra: 12 | Mem: 0M | Synchronizing object | L_9_s
01:18:09.993  render           | Fra: 12 | Mem: 0M | Synchronizing object | L_10_k
01:18:10.081  render           | Fra: 12 | Mem: 0M | Initializing
01:18:10.082  render           | Fra: 12 | Mem: 0M | Waiting for render to start
01:18:10.082  render           | Fra: 12 | Mem: 0M | Updating Scene
01:18:10.082  render           | Fra: 12 | Mem: 0M | Updating Shaders
01:18:10.082  render           | Fra: 12 | Mem: 0M | Loading render kernels (may take a few minutes the first time)
01:18:10.082  render           | Fra: 12 | Mem: 1M | Updating Procedurals
01:18:10.082  render           | Fra: 12 | Mem: 1M | Updating Background
01:18:10.082  render           | Fra: 12 | Mem: 1M | Updating Camera
01:18:10.082  render           | Fra: 12 | Mem: 1M | Updating Meshes Flags
01:18:10.082  render           | Fra: 12 | Mem: 1M | Updating Objects
01:18:10.082  render           | Fra: 12 | Mem: 1M | Updating Objects | Copying Transformations to device
01:18:10.083  render           | Fra: 12 | Mem: 1M | Updating Particle Systems
01:18:10.083  render           | Fra: 12 | Mem: 1M | Updating Particle Systems | Copying Particles to device
01:18:10.083  render           | Fra: 12 | Mem: 1M | Updating Meshes
01:18:10.083  render           | Fra: 12 | Mem: 1M | Updating Objects | Applying Static Transformations
01:18:10.116  render           | Fra: 12 | Mem: 1M | Updating Mesh | Computing attributes
01:18:10.140  render           | Fra: 12 | Mem: 1M | Updating Mesh | Copying Attributes to device
01:18:10.220  render           | Fra: 12 | Mem: 105M | Updating Scene BVH | Building
01:18:10.220  render           | Fra: 12 | Mem: 105M | Updating Scene BVH | Building BVH
01:18:10.275  render           | Fra: 12 | Mem: 1198M | Updating Scene BVH | Building BVH 0%
01:18:10.538  render           | Fra: 12 | Mem: 1215M | Updating Scene BVH | Building BVH 1%
01:18:10.788  render           | Fra: 12 | Mem: 1485M | Updating Scene BVH | Building BVH 17%
01:18:11.038  render           | Fra: 12 | Mem: 1765M | Updating Scene BVH | Building BVH 33%
01:18:11.288  render           | Fra: 12 | Mem: 2033M | Updating Scene BVH | Building BVH 49%
01:18:11.538  render           | Fra: 12 | Mem: 2285M | Updating Scene BVH | Building BVH 64%
01:18:11.792  render           | Fra: 12 | Mem: 2487M | Updating Scene BVH | Building BVH 76%
01:18:12.042  render           | Fra: 12 | Mem: 2713M | Updating Scene BVH | Building BVH 89%
01:18:12.231  render           | Fra: 12 | Mem: 2909M | Updating Scene BVH | Copying BVH to device
01:18:12.231  render           | Fra: 12 | Mem: 2909M | Updating Mesh | Computing normals
01:18:12.231  render           | Fra: 12 | Mem: 2909M | Updating Mesh | Copying Mesh to device
01:18:12.231  render           | Fra: 12 | Mem: 2912M | Updating Mesh | Copying Curves to device
01:18:12.355  render           | Fra: 12 | Mem: 3426M | Updating Objects Flags
01:18:12.355  render           | Fra: 12 | Mem: 3426M | Updating Primitive Offsets
01:18:12.355  render           | Fra: 12 | Mem: 3426M | Updating Images
01:18:12.355  render           | Fra: 12 | Mem: 3426M | Updating Volume
01:18:12.355  render           | Fra: 12 | Mem: 3426M | Updating Camera Volume
01:18:12.355  render           | Fra: 12 | Mem: 3426M | Updating Lookup Tables
01:18:12.355  render           | Fra: 12 | Mem: 3426M | Updating Lights
01:18:12.355  render           | Fra: 12 | Mem: 3426M | Updating Lights | Computing tree
01:18:12.355  render           | Fra: 12 | Mem: 3426M | Updating Integrator
01:18:12.355  render           | Fra: 12 | Mem: 3427M | Updating Film
01:18:12.355  render           | Fra: 12 | Mem: 3427M | Updating Lookup Tables
01:18:12.355  render           | Fra: 12 | Mem: 3427M | Updating Baking
01:18:12.355  render           | Fra: 12 | Mem: 3427M | Updating Device | Writing constant memory
01:18:12.355  render           | Fra: 12 | Mem: 3427M | Sample 0/256
01:18:14.386  render           | Fra: 12 | Remaining: 08:38.01 | Mem: 3463M | Sample 1/256
01:18:42.127  render           | Fra: 12 | Remaining: 06:58.55 | Mem: 3463M | Sample 17/256
01:19:09.449  render           | Fra: 12 | Remaining: 06:25.81 | Mem: 3463M | Sample 33/256
01:19:36.763  render           | Fra: 12 | Remaining: 05:56.57 | Mem: 3463M | Sample 49/256
01:20:04.000  render           | Fra: 12 | Remaining: 05:28.06 | Mem: 3463M | Sample 65/256
01:20:29.462  render           | Fra: 12 | Remaining: 05:01.63 | Mem: 3463M | Sample 80/256
01:20:56.578  render           | Fra: 12 | Remaining: 04:33.70 | Mem: 3463M | Sample 96/256
01:21:23.519  render           | Fra: 12 | Remaining: 04:05.78 | Mem: 3463M | Sample 112/256
01:21:50.591  render           | Fra: 12 | Remaining: 03:38.23 | Mem: 3463M | Sample 128/256
01:22:17.615  render           | Fra: 12 | Remaining: 03:10.75 | Mem: 3463M | Sample 144/256
01:22:44.650  render           | Fra: 12 | Remaining: 02:43.37 | Mem: 3463M | Sample 160/256
01:23:11.775  render           | Fra: 12 | Remaining: 02:16.10 | Mem: 3463M | Sample 176/256
01:23:38.738  render           | Fra: 12 | Remaining: 01:48.79 | Mem: 3463M | Sample 192/256
01:24:05.376  render           | Fra: 12 | Remaining: 01:21.46 | Mem: 3463M | Sample 208/256
01:24:31.982  render           | Fra: 12 | Remaining: 00:54.23 | Mem: 3463M | Sample 224/256
01:24:58.589  render           | Fra: 12 | Remaining: 00:27.08 | Mem: 3463M | Sample 240/256
01:25:25.267  render           | Fra: 12 | Mem: 3463M | Sample 256/256
01:25:25.267  render           | Fra: 12 | Mem: 3463M | Finished
01:25:25.367  render           | Saved: '/Users/kacpermioduszewski/mioduszewsky-com/assets/logo3d/frames_dal/f_0012.png'
01:25:25.367  render           | Time: 07:16.56 (Saving: 00:00.05)
01:25:25.367  render           | Rendering frame 13
01:25:25.370  render           | Start rendering: Scene, ViewLayer
01:25:25.370  render           | Engine: Cycles
01:25:26.421  render           | Fra: 13 | Mem: 0M | Synchronizing object | L_0_m
01:25:26.422  render           | Fra: 13 | Mem: 0M | Synchronizing object | L_1_i
01:25:26.422  render           | Fra: 13 | Mem: 0M | Synchronizing object | L_0_m
01:25:26.422  render           | Fra: 13 | Mem: 0M | Synchronizing object | L_1_i
01:25:26.422  render           | Fra: 13 | Mem: 0M | Synchronizing object | L_2_o
01:25:26.422  render           | Fra: 13 | Mem: 0M | Synchronizing object | L_3_d
01:25:26.423  render           | Fra: 13 | Mem: 0M | Synchronizing object | L_4_u
01:25:26.423  render           | Fra: 13 | Mem: 0M | Synchronizing object | L_5_s
01:25:26.423  render           | Fra: 13 | Mem: 0M | Synchronizing object | L_6_z
01:25:26.424  render           | Fra: 13 | Mem: 0M | Synchronizing object | L_7_e
01:25:26.424  render           | Fra: 13 | Mem: 0M | Synchronizing object | L_8_w
01:25:26.425  render           | Fra: 13 | Mem: 0M | Synchronizing object | L_9_s
01:25:26.425  render           | Fra: 13 | Mem: 0M | Synchronizing object | L_8_w
01:25:26.425  render           | Fra: 13 | Mem: 0M | Synchronizing object | L_10_k
01:25:26.426  render           | Fra: 13 | Mem: 0M | Synchronizing object | L_11_y
01:25:26.427  render           | Fra: 13 | Mem: 0M | Synchronizing object | rim_r
01:25:26.427  render           | Fra: 13 | Mem: 0M | Synchronizing object | rim_l
01:25:26.427  render           | Fra: 13 | Mem: 0M | Synchronizing object | fill
01:25:26.427  render           | Fra: 13 | Mem: 0M | Synchronizing object | key
01:25:26.427  render           | Fra: 13 | Mem: 0M | Synchronizing object | L_11_y
01:25:26.463  render           | Fra: 13 | Mem: 0M | Synchronizing object | L_9_s
01:25:26.503  render           | Fra: 13 | Mem: 0M | Synchronizing object | L_10_k
01:25:26.571  render           | Fra: 13 | Mem: 0M | Initializing
01:25:26.572  render           | Fra: 13 | Mem: 0M | Waiting for render to start
01:25:26.572  render           | Fra: 13 | Mem: 0M | Updating Scene
01:25:26.572  render           | Fra: 13 | Mem: 0M | Updating Shaders
01:25:26.572  render           | Fra: 13 | Mem: 0M | Loading render kernels (may take a few minutes the first time)
01:25:26.572  render           | Fra: 13 | Mem: 1M | Updating Procedurals
01:25:26.572  render           | Fra: 13 | Mem: 1M | Updating Background
01:25:26.572  render           | Fra: 13 | Mem: 1M | Updating Camera
01:25:26.572  render           | Fra: 13 | Mem: 1M | Updating Meshes Flags
01:25:26.572  render           | Fra: 13 | Mem: 1M | Updating Objects
01:25:26.572  render           | Fra: 13 | Mem: 1M | Updating Objects | Copying Transformations to device
01:25:26.572  render           | Fra: 13 | Mem: 1M | Updating Particle Systems
01:25:26.572  render           | Fra: 13 | Mem: 1M | Updating Particle Systems | Copying Particles to device
01:25:26.572  render           | Fra: 13 | Mem: 1M | Updating Meshes
01:25:26.572  render           | Fra: 13 | Mem: 1M | Updating Objects | Applying Static Transformations
01:25:26.606  render           | Fra: 13 | Mem: 1M | Updating Mesh | Computing attributes
01:25:26.626  render           | Fra: 13 | Mem: 1M | Updating Mesh | Copying Attributes to device
01:25:26.692  render           | Fra: 13 | Mem: 105M | Updating Scene BVH | Building
01:25:26.692  render           | Fra: 13 | Mem: 105M | Updating Scene BVH | Building BVH
01:25:26.736  render           | Fra: 13 | Mem: 1198M | Updating Scene BVH | Building BVH 0%
01:25:26.986  render           | Fra: 13 | Mem: 1273M | Updating Scene BVH | Building BVH 4%
01:25:27.236  render           | Fra: 13 | Mem: 1541M | Updating Scene BVH | Building BVH 20%
01:25:27.486  render           | Fra: 13 | Mem: 1811M | Updating Scene BVH | Building BVH 36%
01:25:27.736  render           | Fra: 13 | Mem: 2085M | Updating Scene BVH | Building BVH 52%
01:25:27.986  render           | Fra: 13 | Mem: 2359M | Updating Scene BVH | Building BVH 68%
01:25:28.237  render           | Fra: 13 | Mem: 2569M | Updating Scene BVH | Building BVH 80%
01:25:28.487  render           | Fra: 13 | Mem: 2791M | Updating Scene BVH | Building BVH 93%
01:25:28.606  render           | Fra: 13 | Mem: 2909M | Updating Scene BVH | Copying BVH to device
01:25:28.606  render           | Fra: 13 | Mem: 2909M | Updating Mesh | Computing normals
01:25:28.608  render           | Fra: 13 | Mem: 2909M | Updating Mesh | Copying Mesh to device
01:25:28.608  render           | Fra: 13 | Mem: 2912M | Updating Mesh | Copying Curves to device
01:25:28.669  render           | Fra: 13 | Mem: 3426M | Updating Objects Flags
01:25:28.669  render           | Fra: 13 | Mem: 3426M | Updating Primitive Offsets
01:25:28.669  render           | Fra: 13 | Mem: 3426M | Updating Images
01:25:28.669  render           | Fra: 13 | Mem: 3426M | Updating Volume
01:25:28.669  render           | Fra: 13 | Mem: 3426M | Updating Camera Volume
01:25:28.669  render           | Fra: 13 | Mem: 3426M | Updating Lookup Tables
01:25:28.669  render           | Fra: 13 | Mem: 3426M | Updating Lights
01:25:28.669  render           | Fra: 13 | Mem: 3426M | Updating Lights | Computing tree
01:25:28.669  render           | Fra: 13 | Mem: 3426M | Updating Integrator
01:25:28.669  render           | Fra: 13 | Mem: 3427M | Updating Film
01:25:28.669  render           | Fra: 13 | Mem: 3427M | Updating Lookup Tables
01:25:28.669  render           | Fra: 13 | Mem: 3427M | Updating Baking
01:25:28.669  render           | Fra: 13 | Mem: 3427M | Updating Device | Writing constant memory
01:25:28.669  render           | Fra: 13 | Mem: 3427M | Sample 0/256
01:25:30.521  render           | Fra: 13 | Remaining: 07:52.13 | Mem: 3463M | Sample 1/256
01:25:57.677  render           | Fra: 13 | Remaining: 06:47.81 | Mem: 3463M | Sample 17/256
01:26:25.277  render           | Fra: 13 | Remaining: 06:22.52 | Mem: 3463M | Sample 33/256
01:26:52.491  render           | Fra: 13 | Remaining: 05:54.10 | Mem: 3463M | Sample 49/256
01:27:19.498  render           | Fra: 13 | Remaining: 05:25.66 | Mem: 3463M | Sample 65/256
01:27:44.561  render           | Fra: 13 | Remaining: 04:58.96 | Mem: 3463M | Sample 80/256
01:28:11.140  render           | Fra: 13 | Remaining: 04:30.78 | Mem: 3463M | Sample 96/256
01:28:37.955  render           | Fra: 13 | Remaining: 04:03.36 | Mem: 3463M | Sample 112/256
01:29:04.447  render           | Fra: 13 | Remaining: 03:35.77 | Mem: 3463M | Sample 128/256
01:29:31.004  render           | Fra: 13 | Remaining: 03:08.48 | Mem: 3463M | Sample 144/256
01:29:57.581  render           | Fra: 13 | Remaining: 02:41.34 | Mem: 3463M | Sample 160/256
01:30:24.191  render           | Fra: 13 | Remaining: 02:14.32 | Mem: 3463M | Sample 176/256
01:30:50.684  render           | Fra: 13 | Remaining: 01:47.33 | Mem: 3463M | Sample 192/256
01:31:17.391  render           | Fra: 13 | Remaining: 01:20.47 | Mem: 3463M | Sample 208/256
01:31:43.952  render           | Fra: 13 | Remaining: 00:53.61 | Mem: 3463M | Sample 224/256
01:32:10.156  render           | Fra: 13 | Remaining: 00:26.76 | Mem: 3463M | Sample 240/256
01:32:36.680  render           | Fra: 13 | Mem: 3463M | Sample 256/256
01:32:36.680  render           | Fra: 13 | Mem: 3463M | Finished
01:32:36.787  render           | Saved: '/Users/kacpermioduszewski/mioduszewsky-com/assets/logo3d/frames_dal/f_0013.png'
01:32:36.787  render           | Time: 07:11.41 (Saving: 00:00.05)
01:32:36.787  render           | Rendering frame 14
01:32:36.789  render           | Start rendering: Scene, ViewLayer
01:32:36.789  render           | Engine: Cycles
01:32:37.912  render           | Fra: 14 | Mem: 0M | Synchronizing object | L_0_m
01:32:37.913  render           | Fra: 14 | Mem: 0M | Synchronizing object | L_1_i
01:32:37.913  render           | Fra: 14 | Mem: 0M | Synchronizing object | L_2_o
01:32:37.913  render           | Fra: 14 | Mem: 0M | Synchronizing object | L_1_i
01:32:37.913  render           | Fra: 14 | Mem: 0M | Synchronizing object | L_3_d
01:32:37.913  render           | Fra: 14 | Mem: 0M | Synchronizing object | L_2_o
01:32:37.913  render           | Fra: 14 | Mem: 0M | Synchronizing object | L_3_d
01:32:37.913  render           | Fra: 14 | Mem: 0M | Synchronizing object | L_4_u
01:32:37.914  render           | Fra: 14 | Mem: 0M | Synchronizing object | L_5_s
01:32:37.914  render           | Fra: 14 | Mem: 0M | Synchronizing object | L_4_u
01:32:37.914  render           | Fra: 14 | Mem: 0M | Synchronizing object | L_6_z
01:32:37.914  render           | Fra: 14 | Mem: 0M | Synchronizing object | L_5_s
01:32:37.915  render           | Fra: 14 | Mem: 0M | Synchronizing object | L_7_e
01:32:37.915  render           | Fra: 14 | Mem: 0M | Synchronizing object | L_6_z
01:32:37.915  render           | Fra: 14 | Mem: 0M | Synchronizing object | L_7_e
01:32:37.915  render           | Fra: 14 | Mem: 0M | Synchronizing object | L_8_w
01:32:37.916  render           | Fra: 14 | Mem: 0M | Synchronizing object | L_9_s
01:32:37.916  render           | Fra: 14 | Mem: 0M | Synchronizing object | L_8_w
01:32:37.917  render           | Fra: 14 | Mem: 0M | Synchronizing object | L_10_k
01:32:37.917  render           | Fra: 14 | Mem: 0M | Synchronizing object | L_11_y
01:32:37.918  render           | Fra: 14 | Mem: 0M | Synchronizing object | rim_r
01:32:37.918  render           | Fra: 14 | Mem: 0M | Synchronizing object | rim_l
01:32:37.918  render           | Fra: 14 | Mem: 0M | Synchronizing object | fill
01:32:37.918  render           | Fra: 14 | Mem: 0M | Synchronizing object | key
01:32:37.918  render           | Fra: 14 | Mem: 0M | Synchronizing object | L_11_y
01:32:37.956  render           | Fra: 14 | Mem: 0M | Synchronizing object | L_9_s
01:32:37.998  render           | Fra: 14 | Mem: 0M | Synchronizing object | L_10_k
01:32:38.075  render           | Fra: 14 | Mem: 0M | Initializing
01:32:38.076  render           | Fra: 14 | Mem: 0M | Waiting for render to start
01:32:38.076  render           | Fra: 14 | Mem: 0M | Updating Scene
01:32:38.076  render           | Fra: 14 | Mem: 0M | Updating Shaders
01:32:38.076  render           | Fra: 14 | Mem: 0M | Loading render kernels (may take a few minutes the first time)
01:32:38.076  render           | Fra: 14 | Mem: 1M | Updating Procedurals
01:32:38.076  render           | Fra: 14 | Mem: 1M | Updating Background
01:32:38.076  render           | Fra: 14 | Mem: 1M | Updating Camera
01:32:38.076  render           | Fra: 14 | Mem: 1M | Updating Meshes Flags
01:32:38.076  render           | Fra: 14 | Mem: 1M | Updating Objects
01:32:38.076  render           | Fra: 14 | Mem: 1M | Updating Objects | Copying Transformations to device
01:32:38.076  render           | Fra: 14 | Mem: 1M | Updating Particle Systems
01:32:38.076  render           | Fra: 14 | Mem: 1M | Updating Particle Systems | Copying Particles to device
01:32:38.076  render           | Fra: 14 | Mem: 1M | Updating Meshes
01:32:38.076  render           | Fra: 14 | Mem: 1M | Updating Objects | Applying Static Transformations
01:32:38.110  render           | Fra: 14 | Mem: 1M | Updating Mesh | Computing attributes
01:32:38.130  render           | Fra: 14 | Mem: 1M | Updating Mesh | Copying Attributes to device
01:32:38.193  render           | Fra: 14 | Mem: 105M | Updating Scene BVH | Building
01:32:38.193  render           | Fra: 14 | Mem: 105M | Updating Scene BVH | Building BVH
01:32:38.237  render           | Fra: 14 | Mem: 1198M | Updating Scene BVH | Building BVH 0%
01:32:38.487  render           | Fra: 14 | Mem: 1273M | Updating Scene BVH | Building BVH 5%
01:32:38.737  render           | Fra: 14 | Mem: 1561M | Updating Scene BVH | Building BVH 22%
01:32:38.988  render           | Fra: 14 | Mem: 1847M | Updating Scene BVH | Building BVH 38%
01:32:39.238  render           | Fra: 14 | Mem: 2115M | Updating Scene BVH | Building BVH 54%
01:32:39.490  render           | Fra: 14 | Mem: 2367M | Updating Scene BVH | Building BVH 69%
01:32:39.740  render           | Fra: 14 | Mem: 2513M | Updating Scene BVH | Building BVH 78%
01:32:39.990  render           | Fra: 14 | Mem: 2789M | Updating Scene BVH | Building BVH 94%
01:32:40.115  render           | Fra: 14 | Mem: 2911M | Updating Scene BVH | Copying BVH to device
01:32:40.115  render           | Fra: 14 | Mem: 2911M | Updating Mesh | Computing normals
01:32:40.116  render           | Fra: 14 | Mem: 2911M | Updating Mesh | Copying Mesh to device
01:32:40.116  render           | Fra: 14 | Mem: 2914M | Updating Mesh | Copying Curves to device
01:32:40.214  render           | Fra: 14 | Mem: 3428M | Updating Objects Flags
01:32:40.214  render           | Fra: 14 | Mem: 3428M | Updating Primitive Offsets
01:32:40.214  render           | Fra: 14 | Mem: 3428M | Updating Images
01:32:40.214  render           | Fra: 14 | Mem: 3428M | Updating Volume
01:32:40.214  render           | Fra: 14 | Mem: 3428M | Updating Camera Volume
01:32:40.214  render           | Fra: 14 | Mem: 3428M | Updating Lookup Tables
01:32:40.214  render           | Fra: 14 | Mem: 3428M | Updating Lights
01:32:40.214  render           | Fra: 14 | Mem: 3428M | Updating Lights | Computing tree
01:32:40.214  render           | Fra: 14 | Mem: 3428M | Updating Integrator
01:32:40.214  render           | Fra: 14 | Mem: 3429M | Updating Film
01:32:40.214  render           | Fra: 14 | Mem: 3429M | Updating Lookup Tables
01:32:40.214  render           | Fra: 14 | Mem: 3429M | Updating Baking
01:32:40.214  render           | Fra: 14 | Mem: 3429M | Updating Device | Writing constant memory
01:32:40.214  render           | Fra: 14 | Mem: 3429M | Sample 0/256
01:32:42.122  render           | Fra: 14 | Remaining: 08:06.41 | Mem: 3465M | Sample 1/256
01:33:08.561  render           | Fra: 14 | Remaining: 06:38.51 | Mem: 3465M | Sample 17/256
01:33:35.235  render           | Fra: 14 | Remaining: 06:11.80 | Mem: 3465M | Sample 33/256
01:34:01.959  render           | Fra: 14 | Remaining: 05:45.32 | Mem: 3465M | Sample 49/256
01:34:28.525  render           | Fra: 14 | Remaining: 05:18.26 | Mem: 3465M | Sample 65/256
01:34:53.562  render           | Fra: 14 | Remaining: 04:53.36 | Mem: 3465M | Sample 80/256
01:35:19.867  render           | Fra: 14 | Remaining: 04:26.08 | Mem: 3465M | Sample 96/256
01:35:46.023  render           | Fra: 14 | Remaining: 03:58.89 | Mem: 3465M | Sample 112/256
01:36:12.154  render           | Fra: 14 | Remaining: 03:31.93 | Mem: 3465M | Sample 128/256
01:36:38.275  render           | Fra: 14 | Remaining: 03:05.15 | Mem: 3465M | Sample 144/256
01:37:04.383  render           | Fra: 14 | Remaining: 02:38.50 | Mem: 3465M | Sample 160/256
01:37:30.755  render           | Fra: 14 | Remaining: 02:12.06 | Mem: 3465M | Sample 176/256
01:37:56.937  render           | Fra: 14 | Remaining: 01:45.57 | Mem: 3465M | Sample 192/256
01:38:23.154  render           | Fra: 14 | Remaining: 01:19.13 | Mem: 3465M | Sample 208/256
01:38:49.436  render           | Fra: 14 | Remaining: 00:52.74 | Mem: 3465M | Sample 224/256
01:39:15.945  render           | Fra: 14 | Remaining: 00:26.38 | Mem: 3465M | Sample 240/256
01:39:42.053  render           | Fra: 14 | Mem: 3465M | Sample 256/256
01:39:42.053  render           | Fra: 14 | Mem: 3465M | Finished
01:39:42.168  render           | Saved: '/Users/kacpermioduszewski/mioduszewsky-com/assets/logo3d/frames_dal/f_0014.png'
01:39:42.168  render           | Time: 07:05.38 (Saving: 00:00.05)
01:39:42.168  render           | Rendering frame 15
01:39:42.171  render           | Start rendering: Scene, ViewLayer
01:39:42.171  render           | Engine: Cycles
01:39:43.208  render           | Fra: 15 | Mem: 0M | Synchronizing object | L_0_m
01:39:43.208  render           | Fra: 15 | Mem: 0M | Synchronizing object | L_1_i
01:39:43.208  render           | Fra: 15 | Mem: 0M | Synchronizing object | L_2_o
01:39:43.208  render           | Fra: 15 | Mem: 0M | Synchronizing object | L_1_i
01:39:43.209  render           | Fra: 15 | Mem: 0M | Synchronizing object | L_2_o
01:39:43.209  render           | Fra: 15 | Mem: 0M | Synchronizing object | L_3_d
01:39:43.209  render           | Fra: 15 | Mem: 0M | Synchronizing object | L_4_u
01:39:43.209  render           | Fra: 15 | Mem: 0M | Synchronizing object | L_3_d
01:39:43.209  render           | Fra: 15 | Mem: 0M | Synchronizing object | L_5_s
01:39:43.209  render           | Fra: 15 | Mem: 0M | Synchronizing object | L_4_u
01:39:43.210  render           | Fra: 15 | Mem: 0M | Synchronizing object | L_6_z
01:39:43.210  render           | Fra: 15 | Mem: 0M | Synchronizing object | L_5_s
01:39:43.210  render           | Fra: 15 | Mem: 0M | Synchronizing object | L_6_z
01:39:43.210  render           | Fra: 15 | Mem: 0M | Synchronizing object | L_7_e
01:39:43.211  render           | Fra: 15 | Mem: 0M | Synchronizing object | L_8_w
01:39:43.211  render           | Fra: 15 | Mem: 0M | Synchronizing object | L_9_s
01:39:43.211  render           | Fra: 15 | Mem: 0M | Synchronizing object | L_8_w
01:39:43.211  render           | Fra: 15 | Mem: 0M | Synchronizing object | L_10_k
01:39:43.212  render           | Fra: 15 | Mem: 0M | Synchronizing object | L_11_y
01:39:43.212  render           | Fra: 15 | Mem: 0M | Synchronizing object | rim_r
01:39:43.212  render           | Fra: 15 | Mem: 0M | Synchronizing object | rim_l
01:39:43.212  render           | Fra: 15 | Mem: 0M | Synchronizing object | fill
01:39:43.212  render           | Fra: 15 | Mem: 0M | Synchronizing object | key
01:39:43.212  render           | Fra: 15 | Mem: 0M | Synchronizing object | L_11_y
01:39:43.246  render           | Fra: 15 | Mem: 0M | Synchronizing object | L_9_s
01:39:43.287  render           | Fra: 15 | Mem: 0M | Synchronizing object | L_10_k
01:39:43.359  render           | Fra: 15 | Mem: 0M | Initializing
01:39:43.360  render           | Fra: 15 | Mem: 0M | Waiting for render to start
01:39:43.360  render           | Fra: 15 | Mem: 0M | Updating Scene
01:39:43.360  render           | Fra: 15 | Mem: 0M | Updating Shaders
01:39:43.360  render           | Fra: 15 | Mem: 0M | Loading render kernels (may take a few minutes the first time)
01:39:43.361  render           | Fra: 15 | Mem: 1M | Updating Procedurals
01:39:43.361  render           | Fra: 15 | Mem: 1M | Updating Background
01:39:43.361  render           | Fra: 15 | Mem: 1M | Updating Camera
01:39:43.361  render           | Fra: 15 | Mem: 1M | Updating Meshes Flags
01:39:43.361  render           | Fra: 15 | Mem: 1M | Updating Objects
01:39:43.361  render           | Fra: 15 | Mem: 1M | Updating Objects | Copying Transformations to device
01:39:43.361  render           | Fra: 15 | Mem: 1M | Updating Particle Systems
01:39:43.361  render           | Fra: 15 | Mem: 1M | Updating Particle Systems | Copying Particles to device
01:39:43.361  render           | Fra: 15 | Mem: 1M | Updating Meshes
01:39:43.361  render           | Fra: 15 | Mem: 1M | Updating Objects | Applying Static Transformations
01:39:43.393  render           | Fra: 15 | Mem: 1M | Updating Mesh | Computing attributes
01:39:43.415  render           | Fra: 15 | Mem: 1M | Updating Mesh | Copying Attributes to device
01:39:43.477  render           | Fra: 15 | Mem: 105M | Updating Scene BVH | Building
01:39:43.477  render           | Fra: 15 | Mem: 105M | Updating Scene BVH | Building BVH
01:39:43.524  render           | Fra: 15 | Mem: 1198M | Updating Scene BVH | Building BVH 0%
01:39:43.774  render           | Fra: 15 | Mem: 1293M | Updating Scene BVH | Building BVH 6%
01:39:44.024  render           | Fra: 15 | Mem: 1585M | Updating Scene BVH | Building BVH 23%
01:39:44.275  render           | Fra: 15 | Mem: 1883M | Updating Scene BVH | Building BVH 40%
01:39:44.525  render           | Fra: 15 | Mem: 2151M | Updating Scene BVH | Building BVH 56%
01:39:44.775  render           | Fra: 15 | Mem: 2413M | Updating Scene BVH | Building BVH 71%
01:39:45.025  render           | Fra: 15 | Mem: 2569M | Updating Scene BVH | Building BVH 80%
01:39:45.275  render           | Fra: 15 | Mem: 2797M | Updating Scene BVH | Building BVH 94%
01:39:45.379  render           | Fra: 15 | Mem: 2905M | Updating Scene BVH | Copying BVH to device
01:39:45.379  render           | Fra: 15 | Mem: 2905M | Updating Mesh | Computing normals
01:39:45.380  render           | Fra: 15 | Mem: 2905M | Updating Mesh | Copying Mesh to device
01:39:45.380  render           | Fra: 15 | Mem: 2908M | Updating Mesh | Copying Curves to device
01:39:45.486  render           | Fra: 15 | Mem: 3422M | Updating Objects Flags
01:39:45.486  render           | Fra: 15 | Mem: 3422M | Updating Primitive Offsets
01:39:45.486  render           | Fra: 15 | Mem: 3422M | Updating Images
01:39:45.486  render           | Fra: 15 | Mem: 3422M | Updating Volume
01:39:45.486  render           | Fra: 15 | Mem: 3422M | Updating Camera Volume
01:39:45.486  render           | Fra: 15 | Mem: 3422M | Updating Lookup Tables
01:39:45.486  render           | Fra: 15 | Mem: 3422M | Updating Lights
01:39:45.486  render           | Fra: 15 | Mem: 3422M | Updating Lights | Computing tree
01:39:45.486  render           | Fra: 15 | Mem: 3422M | Updating Integrator
01:39:45.487  render           | Fra: 15 | Mem: 3423M | Updating Film
01:39:45.487  render           | Fra: 15 | Mem: 3423M | Updating Lookup Tables
01:39:45.487  render           | Fra: 15 | Mem: 3423M | Updating Baking
01:39:45.487  render           | Fra: 15 | Mem: 3423M | Updating Device | Writing constant memory
01:39:45.487  render           | Fra: 15 | Mem: 3423M | Sample 0/256
01:39:47.342  render           | Fra: 15 | Remaining: 07:53.04 | Mem: 3459M | Sample 1/256
01:40:13.748  render           | Fra: 15 | Remaining: 06:37.31 | Mem: 3459M | Sample 17/256
01:40:39.908  render           | Fra: 15 | Remaining: 06:07.75 | Mem: 3459M | Sample 33/256
01:41:06.160  render           | Fra: 15 | Remaining: 05:40.80 | Mem: 3459M | Sample 49/256
01:41:32.530  render           | Fra: 15 | Remaining: 05:14.54 | Mem: 3459M | Sample 65/256
01:41:57.464  render           | Fra: 15 | Remaining: 04:50.34 | Mem: 3459M | Sample 80/256
01:42:23.656  render           | Fra: 15 | Remaining: 04:23.61 | Mem: 3459M | Sample 96/256
01:42:49.798  render           | Fra: 15 | Remaining: 03:56.97 | Mem: 3459M | Sample 112/256
01:43:15.830  render           | Fra: 15 | Remaining: 03:30.34 | Mem: 3459M | Sample 128/256
01:43:41.725  render           | Fra: 15 | Remaining: 03:03.74 | Mem: 3459M | Sample 144/256
01:44:07.655  render           | Fra: 15 | Remaining: 02:37.30 | Mem: 3459M | Sample 160/256
01:44:33.674  render           | Fra: 15 | Remaining: 02:10.99 | Mem: 3459M | Sample 176/256
01:44:59.703  render           | Fra: 15 | Remaining: 01:44.73 | Mem: 3459M | Sample 192/256
01:45:25.823  render           | Fra: 15 | Remaining: 01:18.53 | Mem: 3459M | Sample 208/256
01:45:51.927  render           | Fra: 15 | Remaining: 00:52.34 | Mem: 3459M | Sample 224/256
01:46:18.646  render           | Fra: 15 | Remaining: 00:26.21 | Mem: 3459M | Sample 240/256
01:46:45.093  render           | Fra: 15 | Mem: 3459M | Sample 256/256
01:46:45.093  render           | Fra: 15 | Mem: 3459M | Finished
01:46:45.201  render           | Saved: '/Users/kacpermioduszewski/mioduszewsky-com/assets/logo3d/frames_dal/f_0015.png'
01:46:45.201  render           | Time: 07:03.03 (Saving: 00:00.05)
01:46:45.201  render           | Rendering frame 16
01:46:45.203  render           | Start rendering: Scene, ViewLayer
01:46:45.203  render           | Engine: Cycles
01:46:46.239  render           | Fra: 16 | Mem: 0M | Synchronizing object | L_0_m
01:46:46.239  render           | Fra: 16 | Mem: 0M | Synchronizing object | L_1_i
01:46:46.239  render           | Fra: 16 | Mem: 0M | Synchronizing object | L_0_m
01:46:46.239  render           | Fra: 16 | Mem: 0M | Synchronizing object | L_2_o
01:46:46.239  render           | Fra: 16 | Mem: 0M | Synchronizing object | L_1_i
01:46:46.239  render           | Fra: 16 | Mem: 0M | Synchronizing object | L_2_o
01:46:46.239  render           | Fra: 16 | Mem: 0M | Synchronizing object | L_3_d
01:46:46.240  render           | Fra: 16 | Mem: 0M | Synchronizing object | L_4_u
01:46:46.240  render           | Fra: 16 | Mem: 0M | Synchronizing object | L_5_s
01:46:46.240  render           | Fra: 16 | Mem: 0M | Synchronizing object | L_4_u
01:46:46.240  render           | Fra: 16 | Mem: 0M | Synchronizing object | L_5_s
01:46:46.240  render           | Fra: 16 | Mem: 0M | Synchronizing object | L_6_z
01:46:46.240  render           | Fra: 16 | Mem: 0M | Synchronizing object | L_7_e
01:46:46.241  render           | Fra: 16 | Mem: 0M | Synchronizing object | L_9_s
01:46:46.241  render           | Fra: 16 | Mem: 0M | Synchronizing object | L_8_w
01:46:46.242  render           | Fra: 16 | Mem: 0M | Synchronizing object | L_10_k
01:46:46.243  render           | Fra: 16 | Mem: 0M | Synchronizing object | L_11_y
01:46:46.244  render           | Fra: 16 | Mem: 0M | Synchronizing object | rim_r
01:46:46.244  render           | Fra: 16 | Mem: 0M | Synchronizing object | rim_l
01:46:46.244  render           | Fra: 16 | Mem: 0M | Synchronizing object | fill
01:46:46.244  render           | Fra: 16 | Mem: 0M | Synchronizing object | key
01:46:46.244  render           | Fra: 16 | Mem: 0M | Synchronizing object | L_11_y
01:46:46.279  render           | Fra: 16 | Mem: 0M | Synchronizing object | L_9_s
01:46:46.317  render           | Fra: 16 | Mem: 0M | Synchronizing object | L_10_k
01:46:46.392  render           | Fra: 16 | Mem: 0M | Initializing
01:46:46.393  render           | Fra: 16 | Mem: 0M | Waiting for render to start
01:46:46.393  render           | Fra: 16 | Mem: 0M | Updating Scene
01:46:46.393  render           | Fra: 16 | Mem: 0M | Updating Shaders
01:46:46.393  render           | Fra: 16 | Mem: 0M | Loading render kernels (may take a few minutes the first time)
01:46:46.393  render           | Fra: 16 | Mem: 1M | Updating Procedurals
01:46:46.393  render           | Fra: 16 | Mem: 1M | Updating Background
01:46:46.393  render           | Fra: 16 | Mem: 1M | Updating Camera
01:46:46.393  render           | Fra: 16 | Mem: 1M | Updating Meshes Flags
01:46:46.393  render           | Fra: 16 | Mem: 1M | Updating Objects
01:46:46.393  render           | Fra: 16 | Mem: 1M | Updating Objects | Copying Transformations to device
01:46:46.393  render           | Fra: 16 | Mem: 1M | Updating Particle Systems
01:46:46.393  render           | Fra: 16 | Mem: 1M | Updating Particle Systems | Copying Particles to device
01:46:46.393  render           | Fra: 16 | Mem: 1M | Updating Meshes
01:46:46.393  render           | Fra: 16 | Mem: 1M | Updating Objects | Applying Static Transformations
01:46:46.427  render           | Fra: 16 | Mem: 1M | Updating Mesh | Computing attributes
01:46:46.446  render           | Fra: 16 | Mem: 1M | Updating Mesh | Copying Attributes to device
01:46:46.509  render           | Fra: 16 | Mem: 105M | Updating Scene BVH | Building
01:46:46.509  render           | Fra: 16 | Mem: 105M | Updating Scene BVH | Building BVH
01:46:46.559  render           | Fra: 16 | Mem: 1198M | Updating Scene BVH | Building BVH 0%
01:46:46.809  render           | Fra: 16 | Mem: 1289M | Updating Scene BVH | Building BVH 6%
01:46:47.059  render           | Fra: 16 | Mem: 1581M | Updating Scene BVH | Building BVH 23%
01:46:47.310  render           | Fra: 16 | Mem: 1859M | Updating Scene BVH | Building BVH 39%
01:46:47.560  render           | Fra: 16 | Mem: 2127M | Updating Scene BVH | Building BVH 55%
01:46:47.810  render           | Fra: 16 | Mem: 2367M | Updating Scene BVH | Building BVH 69%
01:46:48.060  render           | Fra: 16 | Mem: 2587M | Updating Scene BVH | Building BVH 82%
01:46:48.310  render           | Fra: 16 | Mem: 2849M | Updating Scene BVH | Building BVH 97%
01:46:48.368  render           | Fra: 16 | Mem: 2911M | Updating Scene BVH | Copying BVH to device
01:46:48.369  render           | Fra: 16 | Mem: 2911M | Updating Mesh | Computing normals
01:46:48.369  render           | Fra: 16 | Mem: 2911M | Updating Mesh | Copying Mesh to device
01:46:48.369  render           | Fra: 16 | Mem: 2914M | Updating Mesh | Copying Curves to device
01:46:48.439  render           | Fra: 16 | Mem: 3428M | Updating Objects Flags
01:46:48.439  render           | Fra: 16 | Mem: 3428M | Updating Primitive Offsets
01:46:48.439  render           | Fra: 16 | Mem: 3428M | Updating Images
01:46:48.439  render           | Fra: 16 | Mem: 3428M | Updating Volume
01:46:48.439  render           | Fra: 16 | Mem: 3428M | Updating Camera Volume
01:46:48.439  render           | Fra: 16 | Mem: 3428M | Updating Lookup Tables
01:46:48.439  render           | Fra: 16 | Mem: 3428M | Updating Lights
01:46:48.439  render           | Fra: 16 | Mem: 3428M | Updating Lights | Computing tree
01:46:48.439  render           | Fra: 16 | Mem: 3428M | Updating Integrator
01:46:48.439  render           | Fra: 16 | Mem: 3429M | Updating Film
01:46:48.439  render           | Fra: 16 | Mem: 3429M | Updating Lookup Tables
01:46:48.439  render           | Fra: 16 | Mem: 3429M | Updating Baking
01:46:48.439  render           | Fra: 16 | Mem: 3429M | Updating Device | Writing constant memory
01:46:48.439  render           | Fra: 16 | Mem: 3429M | Sample 0/256
01:46:50.292  render           | Fra: 16 | Remaining: 07:52.58 | Mem: 3465M | Sample 1/256
01:47:16.754  render           | Fra: 16 | Remaining: 06:38.07 | Mem: 3465M | Sample 17/256
01:47:43.071  render           | Fra: 16 | Remaining: 06:09.17 | Mem: 3465M | Sample 33/256
01:48:09.088  render           | Fra: 16 | Remaining: 05:40.69 | Mem: 3465M | Sample 49/256
01:48:35.412  render           | Fra: 16 | Remaining: 05:14.33 | Mem: 3465M | Sample 65/256
01:49:00.055  render           | Fra: 16 | Remaining: 04:49.55 | Mem: 3465M | Sample 80/256
01:49:26.160  render           | Fra: 16 | Remaining: 04:22.86 | Mem: 3465M | Sample 96/256
01:49:52.208  render           | Fra: 16 | Remaining: 03:56.27 | Mem: 3465M | Sample 112/256
01:50:18.282  render           | Fra: 16 | Remaining: 03:29.84 | Mem: 3465M | Sample 128/256
01:50:44.421  render           | Fra: 16 | Remaining: 03:03.54 | Mem: 3465M | Sample 144/256
01:51:10.399  render           | Fra: 16 | Remaining: 02:37.17 | Mem: 3465M | Sample 160/256
01:51:36.264  render           | Fra: 16 | Remaining: 02:10.82 | Mem: 3465M | Sample 176/256
01:52:02.069  render           | Fra: 16 | Remaining: 01:44.54 | Mem: 3465M | Sample 192/256
01:52:27.919  render           | Fra: 16 | Remaining: 01:18.34 | Mem: 3465M | Sample 208/256
01:52:54.275  render           | Fra: 16 | Remaining: 00:52.26 | Mem: 3465M | Sample 224/256
01:53:20.342  render           | Fra: 16 | Remaining: 00:26.12 | Mem: 3465M | Sample 240/256
01:53:46.303  render           | Fra: 16 | Mem: 3465M | Sample 256/256
01:53:46.303  render           | Fra: 16 | Mem: 3465M | Finished
01:53:46.410  render           | Saved: '/Users/kacpermioduszewski/mioduszewsky-com/assets/logo3d/frames_dal/f_0016.png'
01:53:46.410  render           | Time: 07:01.20 (Saving: 00:00.05)
01:53:46.410  render           | Rendering frame 17
01:53:46.412  render           | Start rendering: Scene, ViewLayer
01:53:46.412  render           | Engine: Cycles
01:53:47.451  render           | Fra: 17 | Mem: 0M | Synchronizing object | L_0_m
01:53:47.452  render           | Fra: 17 | Mem: 0M | Synchronizing object | L_1_i
01:53:47.452  render           | Fra: 17 | Mem: 0M | Synchronizing object | L_0_m
01:53:47.452  render           | Fra: 17 | Mem: 0M | Synchronizing object | L_2_o
01:53:47.452  render           | Fra: 17 | Mem: 0M | Synchronizing object | L_1_i
01:53:47.452  render           | Fra: 17 | Mem: 0M | Synchronizing object | L_3_d
01:53:47.452  render           | Fra: 17 | Mem: 0M | Synchronizing object | L_2_o
01:53:47.453  render           | Fra: 17 | Mem: 0M | Synchronizing object | L_3_d
01:53:47.453  render           | Fra: 17 | Mem: 0M | Synchronizing object | L_4_u
01:53:47.453  render           | Fra: 17 | Mem: 0M | Synchronizing object | L_5_s
01:53:47.453  render           | Fra: 17 | Mem: 0M | Synchronizing object | L_4_u
01:53:47.453  render           | Fra: 17 | Mem: 0M | Synchronizing object | L_5_s
01:53:47.453  render           | Fra: 17 | Mem: 0M | Synchronizing object | L_6_z
01:53:47.454  render           | Fra: 17 | Mem: 0M | Synchronizing object | L_7_e
01:53:47.454  render           | Fra: 17 | Mem: 0M | Synchronizing object | L_8_w
01:53:47.455  render           | Fra: 17 | Mem: 0M | Synchronizing object | L_7_e
01:53:47.456  render           | Fra: 17 | Mem: 0M | Synchronizing object | L_9_s
01:53:47.456  render           | Fra: 17 | Mem: 0M | Synchronizing object | L_10_k
01:53:47.457  render           | Fra: 17 | Mem: 0M | Synchronizing object | L_11_y
01:53:47.458  render           | Fra: 17 | Mem: 0M | Synchronizing object | rim_r
01:53:47.458  render           | Fra: 17 | Mem: 0M | Synchronizing object | rim_l
01:53:47.458  render           | Fra: 17 | Mem: 0M | Synchronizing object | fill
01:53:47.458  render           | Fra: 17 | Mem: 0M | Synchronizing object | key
01:53:47.458  render           | Fra: 17 | Mem: 0M | Synchronizing object | L_11_y
01:53:47.477  render           | Fra: 17 | Mem: 0M | Synchronizing object | L_8_w
01:53:47.488  render           | Fra: 17 | Mem: 0M | Synchronizing object | L_9_s
01:53:47.535  render           | Fra: 17 | Mem: 0M | Synchronizing object | L_10_k
01:53:47.602  render           | Fra: 17 | Mem: 0M | Initializing
01:53:47.603  render           | Fra: 17 | Mem: 0M | Waiting for render to start
01:53:47.603  render           | Fra: 17 | Mem: 0M | Updating Scene
01:53:47.603  render           | Fra: 17 | Mem: 0M | Updating Shaders
01:53:47.603  render           | Fra: 17 | Mem: 0M | Loading render kernels (may take a few minutes the first time)
01:53:47.603  render           | Fra: 17 | Mem: 1M | Updating Procedurals
01:53:47.603  render           | Fra: 17 | Mem: 1M | Updating Background
01:53:47.603  render           | Fra: 17 | Mem: 1M | Updating Camera
01:53:47.603  render           | Fra: 17 | Mem: 1M | Updating Meshes Flags
01:53:47.603  render           | Fra: 17 | Mem: 1M | Updating Objects
01:53:47.603  render           | Fra: 17 | Mem: 1M | Updating Objects | Copying Transformations to device
01:53:47.603  render           | Fra: 17 | Mem: 1M | Updating Particle Systems
01:53:47.603  render           | Fra: 17 | Mem: 1M | Updating Particle Systems | Copying Particles to device
01:53:47.603  render           | Fra: 17 | Mem: 1M | Updating Meshes
01:53:47.603  render           | Fra: 17 | Mem: 1M | Updating Objects | Applying Static Transformations
01:53:47.636  render           | Fra: 17 | Mem: 1M | Updating Mesh | Computing attributes
01:53:47.658  render           | Fra: 17 | Mem: 1M | Updating Mesh | Copying Attributes to device
01:53:47.722  render           | Fra: 17 | Mem: 105M | Updating Scene BVH | Building
01:53:47.722  render           | Fra: 17 | Mem: 105M | Updating Scene BVH | Building BVH
01:53:47.771  render           | Fra: 17 | Mem: 1198M | Updating Scene BVH | Building BVH 0%
01:53:48.021  render           | Fra: 17 | Mem: 1287M | Updating Scene BVH | Building BVH 5%
01:53:48.271  render           | Fra: 17 | Mem: 1575M | Updating Scene BVH | Building BVH 23%
01:53:48.521  render           | Fra: 17 | Mem: 1849M | Updating Scene BVH | Building BVH 39%
01:53:48.772  render           | Fra: 17 | Mem: 2111M | Updating Scene BVH | Building BVH 54%
01:53:49.022  render           | Fra: 17 | Mem: 2379M | Updating Scene BVH | Building BVH 69%
01:53:49.272  render           | Fra: 17 | Mem: 2599M | Updating Scene BVH | Building BVH 82%
01:53:49.523  render           | Fra: 17 | Mem: 2815M | Updating Scene BVH | Building BVH 95%
01:53:49.607  render           | Fra: 17 | Mem: 2907M | Updating Scene BVH | Copying BVH to device
01:53:49.607  render           | Fra: 17 | Mem: 2907M | Updating Mesh | Computing normals
01:53:49.607  render           | Fra: 17 | Mem: 2907M | Updating Mesh | Copying Mesh to device
01:53:49.607  render           | Fra: 17 | Mem: 2910M | Updating Mesh | Copying Curves to device
01:53:49.684  render           | Fra: 17 | Mem: 3424M | Updating Objects Flags
01:53:49.684  render           | Fra: 17 | Mem: 3424M | Updating Primitive Offsets
01:53:49.684  render           | Fra: 17 | Mem: 3424M | Updating Images
01:53:49.684  render           | Fra: 17 | Mem: 3424M | Updating Volume
01:53:49.684  render           | Fra: 17 | Mem: 3424M | Updating Camera Volume
01:53:49.684  render           | Fra: 17 | Mem: 3424M | Updating Lookup Tables
01:53:49.684  render           | Fra: 17 | Mem: 3424M | Updating Lights
01:53:49.684  render           | Fra: 17 | Mem: 3424M | Updating Lights | Computing tree
01:53:49.684  render           | Fra: 17 | Mem: 3424M | Updating Integrator
01:53:49.685  render           | Fra: 17 | Mem: 3425M | Updating Film
01:53:49.685  render           | Fra: 17 | Mem: 3425M | Updating Lookup Tables
01:53:49.685  render           | Fra: 17 | Mem: 3425M | Updating Baking
01:53:49.685  render           | Fra: 17 | Mem: 3425M | Updating Device | Writing constant memory
01:53:49.685  render           | Fra: 17 | Mem: 3425M | Sample 0/256
01:53:51.510  render           | Fra: 17 | Remaining: 07:45.32 | Mem: 3461M | Sample 1/256
01:54:17.954  render           | Fra: 17 | Remaining: 06:37.43 | Mem: 3461M | Sample 17/256
01:54:44.217  render           | Fra: 17 | Remaining: 06:08.50 | Mem: 3461M | Sample 33/256
01:55:10.491  render           | Fra: 17 | Remaining: 05:41.36 | Mem: 3461M | Sample 49/256
01:55:36.570  render           | Fra: 17 | Remaining: 05:14.07 | Mem: 3461M | Sample 65/256
01:56:01.116  render           | Fra: 17 | Remaining: 04:49.14 | Mem: 3461M | Sample 80/256
01:56:27.053  render           | Fra: 17 | Remaining: 04:22.27 | Mem: 3461M | Sample 96/256
01:56:52.944  render           | Fra: 17 | Remaining: 03:55.61 | Mem: 3461M | Sample 112/256
01:57:19.005  render           | Fra: 17 | Remaining: 03:29.32 | Mem: 3461M | Sample 128/256
01:57:44.918  render           | Fra: 17 | Remaining: 03:02.95 | Mem: 3461M | Sample 144/256
01:58:10.832  render           | Fra: 17 | Remaining: 02:36.68 | Mem: 3461M | Sample 160/256
01:58:36.820  render           | Fra: 17 | Remaining: 02:10.51 | Mem: 3461M | Sample 176/256
01:59:02.851  render           | Fra: 17 | Remaining: 01:44.38 | Mem: 3461M | Sample 192/256
01:59:29.222  render           | Fra: 17 | Remaining: 01:18.35 | Mem: 3461M | Sample 208/256
01:59:55.173  render           | Fra: 17 | Remaining: 00:52.21 | Mem: 3461M | Sample 224/256
02:00:21.353  render           | Fra: 17 | Remaining: 00:26.11 | Mem: 3461M | Sample 240/256
02:00:47.507  render           | Fra: 17 | Mem: 3461M | Sample 256/256
02:00:47.507  render           | Fra: 17 | Mem: 3461M | Finished
02:00:47.611  render           | Saved: '/Users/kacpermioduszewski/mioduszewsky-com/assets/logo3d/frames_dal/f_0017.png'
02:00:47.611  render           | Time: 07:01.20 (Saving: 00:00.04)
02:00:47.611  render           | Rendering frame 18
02:00:47.613  render           | Start rendering: Scene, ViewLayer
02:00:47.613  render           | Engine: Cycles
02:00:48.662  render           | Fra: 18 | Mem: 0M | Synchronizing object | L_0_m
02:00:48.663  render           | Fra: 18 | Mem: 0M | Synchronizing object | L_1_i
02:00:48.663  render           | Fra: 18 | Mem: 0M | Synchronizing object | L_2_o
02:00:48.663  render           | Fra: 18 | Mem: 0M | Synchronizing object | L_3_d
02:00:48.663  render           | Fra: 18 | Mem: 0M | Synchronizing object | L_4_u
02:00:48.664  render           | Fra: 18 | Mem: 0M | Synchronizing object | L_3_d
02:00:48.664  render           | Fra: 18 | Mem: 0M | Synchronizing object | L_4_u
02:00:48.664  render           | Fra: 18 | Mem: 0M | Synchronizing object | L_5_s
02:00:48.664  render           | Fra: 18 | Mem: 0M | Synchronizing object | L_6_z
02:00:48.664  render           | Fra: 18 | Mem: 0M | Synchronizing object | L_5_s
02:00:48.664  render           | Fra: 18 | Mem: 0M | Synchronizing object | L_6_z
02:00:48.664  render           | Fra: 18 | Mem: 0M | Synchronizing object | L_7_e
02:00:48.665  render           | Fra: 18 | Mem: 0M | Synchronizing object | L_8_w
02:00:48.665  render           | Fra: 18 | Mem: 0M | Synchronizing object | L_7_e
02:00:48.666  render           | Fra: 18 | Mem: 0M | Synchronizing object | L_9_s
02:00:48.667  render           | Fra: 18 | Mem: 0M | Synchronizing object | L_10_k
02:00:48.668  render           | Fra: 18 | Mem: 0M | Synchronizing object | L_8_w
02:00:48.668  render           | Fra: 18 | Mem: 0M | Synchronizing object | L_11_y
02:00:48.669  render           | Fra: 18 | Mem: 0M | Synchronizing object | rim_r
02:00:48.669  render           | Fra: 18 | Mem: 0M | Synchronizing object | rim_l
02:00:48.669  render           | Fra: 18 | Mem: 0M | Synchronizing object | fill
02:00:48.669  render           | Fra: 18 | Mem: 0M | Synchronizing object | key
02:00:48.669  render           | Fra: 18 | Mem: 0M | Synchronizing object | L_11_y
02:00:48.705  render           | Fra: 18 | Mem: 0M | Synchronizing object | L_9_s
02:00:48.745  render           | Fra: 18 | Mem: 0M | Synchronizing object | L_10_k
02:00:48.824  render           | Fra: 18 | Mem: 0M | Initializing
02:00:48.825  render           | Fra: 18 | Mem: 0M | Waiting for render to start
02:00:48.825  render           | Fra: 18 | Mem: 0M | Updating Scene
02:00:48.825  render           | Fra: 18 | Mem: 0M | Updating Shaders
02:00:48.825  render           | Fra: 18 | Mem: 0M | Loading render kernels (may take a few minutes the first time)
02:00:48.826  render           | Fra: 18 | Mem: 1M | Updating Procedurals
02:00:48.826  render           | Fra: 18 | Mem: 1M | Updating Background
02:00:48.826  render           | Fra: 18 | Mem: 1M | Updating Camera
02:00:48.826  render           | Fra: 18 | Mem: 1M | Updating Meshes Flags
02:00:48.826  render           | Fra: 18 | Mem: 1M | Updating Objects
02:00:48.826  render           | Fra: 18 | Mem: 1M | Updating Objects | Copying Transformations to device
02:00:48.826  render           | Fra: 18 | Mem: 1M | Updating Particle Systems
02:00:48.826  render           | Fra: 18 | Mem: 1M | Updating Particle Systems | Copying Particles to device
02:00:48.826  render           | Fra: 18 | Mem: 1M | Updating Meshes
02:00:48.826  render           | Fra: 18 | Mem: 1M | Updating Objects | Applying Static Transformations
02:00:48.859  render           | Fra: 18 | Mem: 1M | Updating Mesh | Computing attributes
02:00:48.879  render           | Fra: 18 | Mem: 1M | Updating Mesh | Copying Attributes to device
02:00:48.942  render           | Fra: 18 | Mem: 105M | Updating Scene BVH | Building
02:00:48.942  render           | Fra: 18 | Mem: 105M | Updating Scene BVH | Building BVH
02:00:48.992  render           | Fra: 18 | Mem: 1198M | Updating Scene BVH | Building BVH 0%
02:00:49.242  render           | Fra: 18 | Mem: 1301M | Updating Scene BVH | Building BVH 6%
02:00:49.492  render           | Fra: 18 | Mem: 1589M | Updating Scene BVH | Building BVH 23%
02:00:49.742  render           | Fra: 18 | Mem: 1877M | Updating Scene BVH | Building BVH 40%
02:00:49.993  render           | Fra: 18 | Mem: 2157M | Updating Scene BVH | Building BVH 56%
02:00:50.243  render           | Fra: 18 | Mem: 2389M | Updating Scene BVH | Building BVH 70%
02:00:50.494  render           | Fra: 18 | Mem: 2633M | Updating Scene BVH | Building BVH 84%
02:00:50.746  render           | Fra: 18 | Mem: 2873M | Updating Scene BVH | Building BVH 98%
02:00:50.784  render           | Fra: 18 | Mem: 2911M | Updating Scene BVH | Copying BVH to device
02:00:50.784  render           | Fra: 18 | Mem: 2911M | Updating Mesh | Computing normals
02:00:50.785  render           | Fra: 18 | Mem: 2911M | Updating Mesh | Copying Mesh to device
02:00:50.785  render           | Fra: 18 | Mem: 2914M | Updating Mesh | Copying Curves to device
02:00:50.964  render           | Fra: 18 | Mem: 3428M | Updating Objects Flags
02:00:50.964  render           | Fra: 18 | Mem: 3428M | Updating Primitive Offsets
02:00:50.964  render           | Fra: 18 | Mem: 3428M | Updating Images
02:00:50.964  render           | Fra: 18 | Mem: 3428M | Updating Volume
02:00:50.964  render           | Fra: 18 | Mem: 3428M | Updating Camera Volume
02:00:50.964  render           | Fra: 18 | Mem: 3428M | Updating Lookup Tables
02:00:50.964  render           | Fra: 18 | Mem: 3428M | Updating Lights
02:00:50.964  render           | Fra: 18 | Mem: 3428M | Updating Lights | Computing tree
02:00:50.964  render           | Fra: 18 | Mem: 3428M | Updating Integrator
02:00:50.964  render           | Fra: 18 | Mem: 3429M | Updating Film
02:00:50.964  render           | Fra: 18 | Mem: 3429M | Updating Lookup Tables
02:00:50.964  render           | Fra: 18 | Mem: 3429M | Updating Baking
02:00:50.964  render           | Fra: 18 | Mem: 3429M | Updating Device | Writing constant memory
02:00:50.964  render           | Fra: 18 | Mem: 3429M | Sample 0/256
02:00:52.823  render           | Fra: 18 | Remaining: 07:53.92 | Mem: 3465M | Sample 1/256
02:01:19.787  render           | Fra: 18 | Remaining: 06:45.20 | Mem: 3465M | Sample 17/256
02:01:46.919  render           | Fra: 18 | Remaining: 06:18.11 | Mem: 3465M | Sample 33/256
02:02:14.055  render           | Fra: 18 | Remaining: 05:51.01 | Mem: 3465M | Sample 49/256
02:02:41.796  render           | Fra: 18 | Remaining: 05:25.67 | Mem: 3465M | Sample 65/256
02:03:07.546  render           | Fra: 18 | Remaining: 05:00.47 | Mem: 3465M | Sample 80/256
02:03:33.850  render           | Fra: 18 | Remaining: 04:31.47 | Mem: 3465M | Sample 96/256
02:04:00.773  render           | Fra: 18 | Remaining: 04:04.03 | Mem: 3465M | Sample 112/256
02:04:26.757  render           | Fra: 18 | Remaining: 03:35.79 | Mem: 3465M | Sample 128/256
02:04:52.964  render           | Fra: 18 | Remaining: 03:08.22 | Mem: 3465M | Sample 144/256
02:05:18.988  render           | Fra: 18 | Remaining: 02:40.81 | Mem: 3465M | Sample 160/256
02:05:45.107  render           | Fra: 18 | Remaining: 02:13.70 | Mem: 3465M | Sample 176/256
02:06:11.470  render           | Fra: 18 | Remaining: 01:46.83 | Mem: 3465M | Sample 192/256
02:06:37.799  render           | Fra: 18 | Remaining: 01:20.03 | Mem: 3465M | Sample 208/256
02:07:03.940  render           | Fra: 18 | Remaining: 00:53.28 | Mem: 3465M | Sample 224/256
02:07:29.915  render           | Fra: 18 | Remaining: 00:26.59 | Mem: 3465M | Sample 240/256
02:07:56.342  render           | Fra: 18 | Mem: 3465M | Sample 256/256
02:07:56.343  render           | Fra: 18 | Mem: 3465M | Finished
02:07:56.466  render           | Saved: '/Users/kacpermioduszewski/mioduszewsky-com/assets/logo3d/frames_dal/f_0018.png'
02:07:56.466  render           | Time: 07:08.85 (Saving: 00:00.04)
02:07:56.466  render           | Rendering frame 19
02:07:56.468  render           | Start rendering: Scene, ViewLayer
02:07:56.468  render           | Engine: Cycles
02:07:57.517  render           | Fra: 19 | Mem: 0M | Synchronizing object | L_0_m
02:07:57.518  render           | Fra: 19 | Mem: 0M | Synchronizing object | L_1_i
02:07:57.518  render           | Fra: 19 | Mem: 0M | Synchronizing object | L_2_o
02:07:57.518  render           | Fra: 19 | Mem: 0M | Synchronizing object | L_3_d
02:07:57.519  render           | Fra: 19 | Mem: 0M | Synchronizing object | L_4_u
02:07:57.519  render           | Fra: 19 | Mem: 0M | Synchronizing object | L_5_s
02:07:57.519  render           | Fra: 19 | Mem: 0M | Synchronizing object | L_6_z
02:07:57.519  render           | Fra: 19 | Mem: 0M | Synchronizing object | L_5_s
02:07:57.520  render           | Fra: 19 | Mem: 0M | Synchronizing object | L_7_e
02:07:57.520  render           | Fra: 19 | Mem: 0M | Synchronizing object | L_6_z
02:07:57.520  render           | Fra: 19 | Mem: 0M | Synchronizing object | L_8_w
02:07:57.522  render           | Fra: 19 | Mem: 0M | Synchronizing object | L_7_e
02:07:57.522  render           | Fra: 19 | Mem: 0M | Synchronizing object | L_9_s
02:07:57.522  render           | Fra: 19 | Mem: 0M | Synchronizing object | L_10_k
02:07:57.523  render           | Fra: 19 | Mem: 0M | Synchronizing object | L_11_y
02:07:57.524  render           | Fra: 19 | Mem: 0M | Synchronizing object | rim_r
02:07:57.524  render           | Fra: 19 | Mem: 0M | Synchronizing object | rim_l
02:07:57.524  render           | Fra: 19 | Mem: 0M | Synchronizing object | fill
02:07:57.524  render           | Fra: 19 | Mem: 0M | Synchronizing object | key
02:07:57.524  render           | Fra: 19 | Mem: 0M | Synchronizing object | L_11_y
02:07:57.535  render           | Fra: 19 | Mem: 0M | Synchronizing object | L_8_w
02:07:57.574  render           | Fra: 19 | Mem: 0M | Synchronizing object | L_9_s
02:07:57.604  render           | Fra: 19 | Mem: 0M | Synchronizing object | L_10_k
02:07:57.676  render           | Fra: 19 | Mem: 0M | Initializing
02:07:57.677  render           | Fra: 19 | Mem: 0M | Waiting for render to start
02:07:57.677  render           | Fra: 19 | Mem: 0M | Updating Scene
02:07:57.677  render           | Fra: 19 | Mem: 0M | Updating Shaders
02:07:57.677  render           | Fra: 19 | Mem: 0M | Loading render kernels (may take a few minutes the first time)
02:07:57.677  render           | Fra: 19 | Mem: 1M | Updating Procedurals
02:07:57.677  render           | Fra: 19 | Mem: 1M | Updating Background
02:07:57.677  render           | Fra: 19 | Mem: 1M | Updating Camera
02:07:57.677  render           | Fra: 19 | Mem: 1M | Updating Meshes Flags
02:07:57.677  render           | Fra: 19 | Mem: 1M | Updating Objects
02:07:57.677  render           | Fra: 19 | Mem: 1M | Updating Objects | Copying Transformations to device
02:07:57.677  render           | Fra: 19 | Mem: 1M | Updating Particle Systems
02:07:57.677  render           | Fra: 19 | Mem: 1M | Updating Particle Systems | Copying Particles to device
02:07:57.677  render           | Fra: 19 | Mem: 1M | Updating Meshes
02:07:57.677  render           | Fra: 19 | Mem: 1M | Updating Objects | Applying Static Transformations
02:07:57.711  render           | Fra: 19 | Mem: 1M | Updating Mesh | Computing attributes
02:07:57.736  render           | Fra: 19 | Mem: 1M | Updating Mesh | Copying Attributes to device
02:07:57.800  render           | Fra: 19 | Mem: 105M | Updating Scene BVH | Building
02:07:57.800  render           | Fra: 19 | Mem: 105M | Updating Scene BVH | Building BVH
02:07:57.855  render           | Fra: 19 | Mem: 1198M | Updating Scene BVH | Building BVH 0%
02:07:58.105  render           | Fra: 19 | Mem: 1269M | Updating Scene BVH | Building BVH 4%
02:07:58.355  render           | Fra: 19 | Mem: 1557M | Updating Scene BVH | Building BVH 22%
02:07:58.605  render           | Fra: 19 | Mem: 1825M | Updating Scene BVH | Building BVH 37%
02:07:58.855  render           | Fra: 19 | Mem: 2063M | Updating Scene BVH | Building BVH 51%
02:07:59.105  render           | Fra: 19 | Mem: 2295M | Updating Scene BVH | Building BVH 64%
02:07:59.355  render           | Fra: 19 | Mem: 2543M | Updating Scene BVH | Building BVH 79%
02:07:59.605  render           | Fra: 19 | Mem: 2789M | Updating Scene BVH | Building BVH 93%
02:07:59.718  render           | Fra: 19 | Mem: 2905M | Updating Scene BVH | Copying BVH to device
02:07:59.718  render           | Fra: 19 | Mem: 2905M | Updating Mesh | Computing normals
02:07:59.719  render           | Fra: 19 | Mem: 2905M | Updating Mesh | Copying Mesh to device
02:07:59.719  render           | Fra: 19 | Mem: 2908M | Updating Mesh | Copying Curves to device
02:07:59.873  render           | Fra: 19 | Mem: 3422M | Updating Objects Flags
02:07:59.873  render           | Fra: 19 | Mem: 3422M | Updating Primitive Offsets
02:07:59.873  render           | Fra: 19 | Mem: 3422M | Updating Images
02:07:59.873  render           | Fra: 19 | Mem: 3422M | Updating Volume
02:07:59.873  render           | Fra: 19 | Mem: 3422M | Updating Camera Volume
02:07:59.873  render           | Fra: 19 | Mem: 3422M | Updating Lookup Tables
02:07:59.873  render           | Fra: 19 | Mem: 3422M | Updating Lights
02:07:59.873  render           | Fra: 19 | Mem: 3422M | Updating Lights | Computing tree
02:07:59.873  render           | Fra: 19 | Mem: 3422M | Updating Integrator
02:07:59.873  render           | Fra: 19 | Mem: 3423M | Updating Film
02:07:59.873  render           | Fra: 19 | Mem: 3423M | Updating Lookup Tables
02:07:59.873  render           | Fra: 19 | Mem: 3423M | Updating Baking
02:07:59.873  render           | Fra: 19 | Mem: 3423M | Updating Device | Writing constant memory
02:07:59.873  render           | Fra: 19 | Mem: 3423M | Sample 0/256
02:08:01.687  render           | Fra: 19 | Remaining: 07:42.71 | Mem: 3459M | Sample 1/256
02:08:28.105  render           | Fra: 19 | Remaining: 06:36.91 | Mem: 3459M | Sample 17/256
02:08:54.471  render           | Fra: 19 | Remaining: 06:08.95 | Mem: 3459M | Sample 33/256
02:09:20.828  render           | Fra: 19 | Remaining: 05:41.99 | Mem: 3459M | Sample 49/256
02:09:47.133  render           | Fra: 19 | Remaining: 05:15.17 | Mem: 3459M | Sample 65/256
02:10:11.906  render           | Fra: 19 | Remaining: 04:50.47 | Mem: 3459M | Sample 80/256
02:10:38.119  render           | Fra: 19 | Remaining: 04:23.74 | Mem: 3459M | Sample 96/256
02:11:04.598  render           | Fra: 19 | Remaining: 03:57.50 | Mem: 3459M | Sample 112/256
02:11:30.864  render           | Fra: 19 | Remaining: 03:30.99 | Mem: 3459M | Sample 128/256
02:11:56.810  render           | Fra: 19 | Remaining: 03:04.28 | Mem: 3459M | Sample 144/256
02:12:22.752  render           | Fra: 19 | Remaining: 02:37.72 | Mem: 3459M | Sample 160/256
02:12:48.748  render           | Fra: 19 | Remaining: 02:11.30 | Mem: 3459M | Sample 176/256
02:13:14.828  render           | Fra: 19 | Remaining: 01:44.98 | Mem: 3459M | Sample 192/256
02:13:41.415  render           | Fra: 19 | Remaining: 01:18.81 | Mem: 3459M | Sample 208/256
02:14:07.321  render           | Fra: 19 | Remaining: 00:52.49 | Mem: 3459M | Sample 224/256
02:14:33.431  render           | Fra: 19 | Remaining: 00:26.23 | Mem: 3459M | Sample 240/256
02:14:59.458  render           | Fra: 19 | Mem: 3459M | Sample 256/256
02:14:59.458  render           | Fra: 19 | Mem: 3459M | Finished
02:14:59.555  render           | Saved: '/Users/kacpermioduszewski/mioduszewsky-com/assets/logo3d/frames_dal/f_0019.png'
02:14:59.555  render           | Time: 07:03.08 (Saving: 00:00.05)
02:14:59.555  render           | Rendering frame 20
02:14:59.556  render           | Start rendering: Scene, ViewLayer
02:14:59.556  render           | Engine: Cycles
02:15:00.574  render           | Fra: 20 | Mem: 0M | Synchronizing object | L_0_m
02:15:00.575  render           | Fra: 20 | Mem: 0M | Synchronizing object | L_1_i
02:15:00.575  render           | Fra: 20 | Mem: 0M | Synchronizing object | L_0_m
02:15:00.575  render           | Fra: 20 | Mem: 0M | Synchronizing object | L_2_o
02:15:00.575  render           | Fra: 20 | Mem: 0M | Synchronizing object | L_1_i
02:15:00.575  render           | Fra: 20 | Mem: 0M | Synchronizing object | L_2_o
02:15:00.575  render           | Fra: 20 | Mem: 0M | Synchronizing object | L_3_d
02:15:00.576  render           | Fra: 20 | Mem: 0M | Synchronizing object | L_4_u
02:15:00.576  render           | Fra: 20 | Mem: 0M | Synchronizing object | L_5_s
02:15:00.576  render           | Fra: 20 | Mem: 0M | Synchronizing object | L_6_z
02:15:00.576  render           | Fra: 20 | Mem: 0M | Synchronizing object | L_5_s
02:15:00.576  render           | Fra: 20 | Mem: 0M | Synchronizing object | L_6_z
02:15:00.576  render           | Fra: 20 | Mem: 0M | Synchronizing object | L_7_e
02:15:00.577  render           | Fra: 20 | Mem: 0M | Synchronizing object | L_8_w
02:15:00.577  render           | Fra: 20 | Mem: 0M | Synchronizing object | L_9_s
02:15:00.578  render           | Fra: 20 | Mem: 0M | Synchronizing object | L_10_k
02:15:00.579  render           | Fra: 20 | Mem: 0M | Synchronizing object | L_11_y
02:15:00.580  render           | Fra: 20 | Mem: 0M | Synchronizing object | rim_r
02:15:00.580  render           | Fra: 20 | Mem: 0M | Synchronizing object | rim_l
02:15:00.580  render           | Fra: 20 | Mem: 0M | Synchronizing object | fill
02:15:00.580  render           | Fra: 20 | Mem: 0M | Synchronizing object | key
02:15:00.580  render           | Fra: 20 | Mem: 0M | Synchronizing object | L_11_y
02:15:00.612  render           | Fra: 20 | Mem: 0M | Synchronizing object | L_9_s
02:15:00.656  render           | Fra: 20 | Mem: 0M | Synchronizing object | L_10_k
02:15:00.729  render           | Fra: 20 | Mem: 0M | Initializing
02:15:00.730  render           | Fra: 20 | Mem: 0M | Waiting for render to start
02:15:00.730  render           | Fra: 20 | Mem: 0M | Updating Scene
02:15:00.730  render           | Fra: 20 | Mem: 0M | Updating Shaders
02:15:00.730  render           | Fra: 20 | Mem: 0M | Loading render kernels (may take a few minutes the first time)
02:15:00.730  render           | Fra: 20 | Mem: 1M | Updating Procedurals
02:15:00.730  render           | Fra: 20 | Mem: 1M | Updating Background
02:15:00.730  render           | Fra: 20 | Mem: 1M | Updating Camera
02:15:00.730  render           | Fra: 20 | Mem: 1M | Updating Meshes Flags
02:15:00.730  render           | Fra: 20 | Mem: 1M | Updating Objects
02:15:00.730  render           | Fra: 20 | Mem: 1M | Updating Objects | Copying Transformations to device
02:15:00.730  render           | Fra: 20 | Mem: 1M | Updating Particle Systems
02:15:00.730  render           | Fra: 20 | Mem: 1M | Updating Particle Systems | Copying Particles to device
02:15:00.730  render           | Fra: 20 | Mem: 1M | Updating Meshes
02:15:00.730  render           | Fra: 20 | Mem: 1M | Updating Objects | Applying Static Transformations
02:15:00.762  render           | Fra: 20 | Mem: 1M | Updating Mesh | Computing attributes
02:15:00.781  render           | Fra: 20 | Mem: 1M | Updating Mesh | Copying Attributes to device
02:15:00.844  render           | Fra: 20 | Mem: 105M | Updating Scene BVH | Building
02:15:00.844  render           | Fra: 20 | Mem: 105M | Updating Scene BVH | Building BVH
02:15:00.886  render           | Fra: 20 | Mem: 1198M | Updating Scene BVH | Building BVH 0%
02:15:01.136  render           | Fra: 20 | Mem: 1291M | Updating Scene BVH | Building BVH 6%
02:15:01.386  render           | Fra: 20 | Mem: 1581M | Updating Scene BVH | Building BVH 23%
02:15:01.636  render           | Fra: 20 | Mem: 1863M | Updating Scene BVH | Building BVH 40%
02:15:01.886  render           | Fra: 20 | Mem: 2139M | Updating Scene BVH | Building BVH 56%
02:15:02.137  render           | Fra: 20 | Mem: 2385M | Updating Scene BVH | Building BVH 70%
02:15:02.387  render           | Fra: 20 | Mem: 2609M | Updating Scene BVH | Building BVH 83%
02:15:02.638  render           | Fra: 20 | Mem: 2879M | Updating Scene BVH | Building BVH 99%
02:15:02.667  render           | Fra: 20 | Mem: 2909M | Updating Scene BVH | Copying BVH to device
02:15:02.667  render           | Fra: 20 | Mem: 2909M | Updating Mesh | Computing normals
02:15:02.668  render           | Fra: 20 | Mem: 2909M | Updating Mesh | Copying Mesh to device
02:15:02.668  render           | Fra: 20 | Mem: 2912M | Updating Mesh | Copying Curves to device
02:15:02.709  render           | Fra: 20 | Mem: 3426M | Updating Objects Flags
02:15:02.709  render           | Fra: 20 | Mem: 3426M | Updating Primitive Offsets
02:15:02.709  render           | Fra: 20 | Mem: 3426M | Updating Images
02:15:02.709  render           | Fra: 20 | Mem: 3426M | Updating Volume
02:15:02.709  render           | Fra: 20 | Mem: 3426M | Updating Camera Volume
02:15:02.709  render           | Fra: 20 | Mem: 3426M | Updating Lookup Tables
02:15:02.709  render           | Fra: 20 | Mem: 3426M | Updating Lights
02:15:02.709  render           | Fra: 20 | Mem: 3426M | Updating Lights | Computing tree
02:15:02.709  render           | Fra: 20 | Mem: 3426M | Updating Integrator
02:15:02.710  render           | Fra: 20 | Mem: 3427M | Updating Film
02:15:02.710  render           | Fra: 20 | Mem: 3427M | Updating Lookup Tables
02:15:02.710  render           | Fra: 20 | Mem: 3427M | Updating Baking
02:15:02.710  render           | Fra: 20 | Mem: 3427M | Updating Device | Writing constant memory
02:15:02.710  render           | Fra: 20 | Mem: 3427M | Sample 0/256
02:15:04.535  render           | Fra: 20 | Remaining: 07:45.55 | Mem: 3463M | Sample 1/256
02:15:30.916  render           | Fra: 20 | Remaining: 06:36.54 | Mem: 3463M | Sample 17/256
02:15:57.587  render           | Fra: 20 | Remaining: 06:10.83 | Mem: 3463M | Sample 33/256
02:16:24.129  render           | Fra: 20 | Remaining: 05:43.95 | Mem: 3463M | Sample 49/256
02:16:50.886  render           | Fra: 20 | Remaining: 05:17.87 | Mem: 3463M | Sample 65/256
02:17:15.690  render           | Fra: 20 | Remaining: 04:52.55 | Mem: 3463M | Sample 80/256
02:17:41.866  render           | Fra: 20 | Remaining: 04:25.26 | Mem: 3463M | Sample 96/256
02:18:08.004  render           | Fra: 20 | Remaining: 03:58.23 | Mem: 3463M | Sample 112/256
02:18:34.319  render           | Fra: 20 | Remaining: 03:31.60 | Mem: 3463M | Sample 128/256
02:19:00.437  render           | Fra: 20 | Remaining: 03:04.89 | Mem: 3463M | Sample 144/256
02:19:27.817  render           | Fra: 20 | Remaining: 02:39.06 | Mem: 3463M | Sample 160/256
02:19:54.433  render           | Fra: 20 | Remaining: 02:12.60 | Mem: 3463M | Sample 176/256
02:20:20.893  render           | Fra: 20 | Remaining: 01:46.06 | Mem: 3463M | Sample 192/256
02:20:47.226  render           | Fra: 20 | Remaining: 01:19.50 | Mem: 3463M | Sample 208/256
02:21:13.556  render           | Fra: 20 | Remaining: 00:52.97 | Mem: 3463M | Sample 224/256
02:21:39.960  render           | Fra: 20 | Remaining: 00:26.48 | Mem: 3463M | Sample 240/256
02:22:06.344  render           | Fra: 20 | Mem: 3463M | Sample 256/256
02:22:06.344  render           | Fra: 20 | Mem: 3463M | Finished
02:22:06.449  render           | Saved: '/Users/kacpermioduszewski/mioduszewsky-com/assets/logo3d/frames_dal/f_0020.png'
02:22:06.449  render           | Time: 07:06.89 (Saving: 00:00.05)
02:22:06.449  render           | Rendering frame 21
02:22:06.451  render           | Start rendering: Scene, ViewLayer
02:22:06.451  render           | Engine: Cycles
02:22:07.482  render           | Fra: 21 | Mem: 0M | Synchronizing object | L_0_m
02:22:07.483  render           | Fra: 21 | Mem: 0M | Synchronizing object | L_1_i
02:22:07.483  render           | Fra: 21 | Mem: 0M | Synchronizing object | L_0_m
02:22:07.483  render           | Fra: 21 | Mem: 0M | Synchronizing object | L_2_o
02:22:07.483  render           | Fra: 21 | Mem: 0M | Synchronizing object | L_1_i
02:22:07.483  render           | Fra: 21 | Mem: 0M | Synchronizing object | L_2_o
02:22:07.483  render           | Fra: 21 | Mem: 0M | Synchronizing object | L_3_d
02:22:07.483  render           | Fra: 21 | Mem: 0M | Synchronizing object | L_4_u
02:22:07.484  render           | Fra: 21 | Mem: 0M | Synchronizing object | L_5_s
02:22:07.484  render           | Fra: 21 | Mem: 0M | Synchronizing object | L_6_z
02:22:07.484  render           | Fra: 21 | Mem: 0M | Synchronizing object | L_7_e
02:22:07.485  render           | Fra: 21 | Mem: 0M | Synchronizing object | L_8_w
02:22:07.487  render           | Fra: 21 | Mem: 0M | Synchronizing object | L_9_s
02:22:07.487  render           | Fra: 21 | Mem: 0M | Synchronizing object | L_8_w
02:22:07.487  render           | Fra: 21 | Mem: 0M | Synchronizing object | L_10_k
02:22:07.488  render           | Fra: 21 | Mem: 0M | Synchronizing object | L_11_y
02:22:07.488  render           | Fra: 21 | Mem: 0M | Synchronizing object | rim_r
02:22:07.488  render           | Fra: 21 | Mem: 0M | Synchronizing object | rim_l
02:22:07.488  render           | Fra: 21 | Mem: 0M | Synchronizing object | fill
02:22:07.488  render           | Fra: 21 | Mem: 0M | Synchronizing object | key
02:22:07.488  render           | Fra: 21 | Mem: 0M | Synchronizing object | L_11_y
02:22:07.522  render           | Fra: 21 | Mem: 0M | Synchronizing object | L_9_s
02:22:07.561  render           | Fra: 21 | Mem: 0M | Synchronizing object | L_10_k
02:22:07.635  render           | Fra: 21 | Mem: 0M | Initializing
02:22:07.636  render           | Fra: 21 | Mem: 0M | Waiting for render to start
02:22:07.636  render           | Fra: 21 | Mem: 0M | Updating Scene
02:22:07.636  render           | Fra: 21 | Mem: 0M | Updating Shaders
02:22:07.637  render           | Fra: 21 | Mem: 0M | Loading render kernels (may take a few minutes the first time)
02:22:07.637  render           | Fra: 21 | Mem: 1M | Updating Procedurals
02:22:07.637  render           | Fra: 21 | Mem: 1M | Updating Background
02:22:07.637  render           | Fra: 21 | Mem: 1M | Updating Camera
02:22:07.637  render           | Fra: 21 | Mem: 1M | Updating Meshes Flags
02:22:07.637  render           | Fra: 21 | Mem: 1M | Updating Objects
02:22:07.637  render           | Fra: 21 | Mem: 1M | Updating Objects | Copying Transformations to device
02:22:07.637  render           | Fra: 21 | Mem: 1M | Updating Particle Systems
02:22:07.637  render           | Fra: 21 | Mem: 1M | Updating Particle Systems | Copying Particles to device
02:22:07.637  render           | Fra: 21 | Mem: 1M | Updating Meshes
02:22:07.637  render           | Fra: 21 | Mem: 1M | Updating Objects | Applying Static Transformations
02:22:07.670  render           | Fra: 21 | Mem: 1M | Updating Mesh | Computing attributes
02:22:07.691  render           | Fra: 21 | Mem: 1M | Updating Mesh | Copying Attributes to device
02:22:07.754  render           | Fra: 21 | Mem: 105M | Updating Scene BVH | Building
02:22:07.754  render           | Fra: 21 | Mem: 105M | Updating Scene BVH | Building BVH
02:22:07.803  render           | Fra: 21 | Mem: 1198M | Updating Scene BVH | Building BVH 0%
02:22:08.054  render           | Fra: 21 | Mem: 1291M | Updating Scene BVH | Building BVH 5%
02:22:08.304  render           | Fra: 21 | Mem: 1573M | Updating Scene BVH | Building BVH 22%
02:22:08.554  render           | Fra: 21 | Mem: 1849M | Updating Scene BVH | Building BVH 39%
02:22:08.804  render           | Fra: 21 | Mem: 2107M | Updating Scene BVH | Building BVH 54%
02:22:09.055  render           | Fra: 21 | Mem: 2371M | Updating Scene BVH | Building BVH 69%
02:22:09.307  render           | Fra: 21 | Mem: 2613M | Updating Scene BVH | Building BVH 83%
02:22:09.558  render           | Fra: 21 | Mem: 2823M | Updating Scene BVH | Building BVH 95%
02:22:09.637  render           | Fra: 21 | Mem: 2903M | Updating Scene BVH | Copying BVH to device
02:22:09.637  render           | Fra: 21 | Mem: 2903M | Updating Mesh | Computing normals
02:22:09.638  render           | Fra: 21 | Mem: 2903M | Updating Mesh | Copying Mesh to device
02:22:09.638  render           | Fra: 21 | Mem: 2906M | Updating Mesh | Copying Curves to device
02:22:09.700  render           | Fra: 21 | Mem: 3420M | Updating Objects Flags
02:22:09.700  render           | Fra: 21 | Mem: 3420M | Updating Primitive Offsets
02:22:09.700  render           | Fra: 21 | Mem: 3420M | Updating Images
02:22:09.700  render           | Fra: 21 | Mem: 3420M | Updating Volume
02:22:09.700  render           | Fra: 21 | Mem: 3420M | Updating Camera Volume
02:22:09.700  render           | Fra: 21 | Mem: 3420M | Updating Lookup Tables
02:22:09.700  render           | Fra: 21 | Mem: 3420M | Updating Lights
02:22:09.700  render           | Fra: 21 | Mem: 3420M | Updating Lights | Computing tree
02:22:09.701  render           | Fra: 21 | Mem: 3420M | Updating Integrator
02:22:09.701  render           | Fra: 21 | Mem: 3421M | Updating Film
02:22:09.701  render           | Fra: 21 | Mem: 3421M | Updating Lookup Tables
02:22:09.701  render           | Fra: 21 | Mem: 3421M | Updating Baking
02:22:09.701  render           | Fra: 21 | Mem: 3421M | Updating Device | Writing constant memory
02:22:09.701  render           | Fra: 21 | Mem: 3421M | Sample 0/256
02:22:11.622  render           | Fra: 21 | Remaining: 08:09.81 | Mem: 3457M | Sample 1/256
02:22:38.450  render           | Fra: 21 | Remaining: 06:44.18 | Mem: 3457M | Sample 17/256
02:23:05.362  render           | Fra: 21 | Remaining: 06:16.13 | Mem: 3457M | Sample 33/256
02:23:32.155  render           | Fra: 21 | Remaining: 05:48.32 | Mem: 3457M | Sample 49/256
02:23:58.795  render           | Fra: 21 | Remaining: 05:20.56 | Mem: 3457M | Sample 65/256
02:24:23.867  render           | Fra: 21 | Remaining: 04:55.16 | Mem: 3457M | Sample 80/256
02:24:50.317  render           | Fra: 21 | Remaining: 04:27.69 | Mem: 3457M | Sample 96/256
02:25:16.902  render           | Fra: 21 | Remaining: 04:00.68 | Mem: 3457M | Sample 112/256
02:25:43.297  render           | Fra: 21 | Remaining: 03:33.59 | Mem: 3457M | Sample 128/256
02:26:09.626  render           | Fra: 21 | Remaining: 03:06.60 | Mem: 3457M | Sample 144/256
02:26:36.072  render           | Fra: 21 | Remaining: 02:39.82 | Mem: 3457M | Sample 160/256
02:27:02.576  render           | Fra: 21 | Remaining: 02:13.12 | Mem: 3457M | Sample 176/256
02:27:29.033  render           | Fra: 21 | Remaining: 01:46.44 | Mem: 3457M | Sample 192/256
02:27:55.432  render           | Fra: 21 | Remaining: 01:19.78 | Mem: 3457M | Sample 208/256
02:28:23.453  render           | Fra: 21 | Remaining: 00:53.39 | Mem: 3457M | Sample 224/256
02:37:26.379  render           | Fra: 21 | Remaining: 01:01.11 | Mem: 3457M | Sample 240/256
02:38:49.092  render           | Fra: 21 | Mem: 3457M | Sample 256/256
02:38:49.092  render           | Fra: 21 | Mem: 3457M | Finished
02:38:49.173  render           | Saved: '/Users/kacpermioduszewski/mioduszewsky-com/assets/logo3d/frames_dal/f_0021.png'
02:38:49.173  render           | Time: 16:42.72 (Saving: 00:00.03)
02:38:49.173  render           | Rendering frame 22
02:38:49.174  render           | Start rendering: Scene, ViewLayer
02:38:49.174  render           | Engine: Cycles
02:38:51.316  render           | Fra: 22 | Mem: 0M | Synchronizing object | L_0_m
02:38:51.318  render           | Fra: 22 | Mem: 0M | Synchronizing object | L_1_i
02:38:51.318  render           | Fra: 22 | Mem: 0M | Synchronizing object | L_0_m
02:38:51.319  render           | Fra: 22 | Mem: 0M | Synchronizing object | L_2_o
02:38:51.321  render           | Fra: 22 | Mem: 0M | Synchronizing object | L_3_d
02:38:51.324  render           | Fra: 22 | Mem: 0M | Synchronizing object | L_4_u
02:38:51.326  render           | Fra: 22 | Mem: 0M | Synchronizing object | L_5_s
02:38:51.327  render           | Fra: 22 | Mem: 0M | Synchronizing object | L_1_i
02:38:51.328  render           | Fra: 22 | Mem: 0M | Synchronizing object | L_6_z
02:38:51.329  render           | Fra: 22 | Mem: 0M | Synchronizing object | L_7_e
02:38:51.330  render           | Fra: 22 | Mem: 0M | Synchronizing object | L_2_o
02:38:51.332  render           | Fra: 22 | Mem: 0M | Synchronizing object | L_8_w
02:38:51.335  render           | Fra: 22 | Mem: 0M | Synchronizing object | L_9_s
02:38:51.337  render           | Fra: 22 | Mem: 0M | Synchronizing object | L_10_k
02:38:51.337  render           | Fra: 22 | Mem: 0M | Synchronizing object | L_3_d
02:38:51.340  render           | Fra: 22 | Mem: 0M | Synchronizing object | L_11_y
02:38:51.342  render           | Fra: 22 | Mem: 0M | Synchronizing object | rim_r
02:38:51.342  render           | Fra: 22 | Mem: 0M | Synchronizing object | L_4_u
02:38:51.342  render           | Fra: 22 | Mem: 0M | Synchronizing object | rim_l
02:38:51.342  render           | Fra: 22 | Mem: 0M | Synchronizing object | fill
02:38:51.342  render           | Fra: 22 | Mem: 0M | Synchronizing object | key
02:38:51.342  render           | Fra: 22 | Mem: 0M | Synchronizing object | L_11_y
02:38:51.400  render           | Fra: 22 | Mem: 0M | Synchronizing object | L_6_z
02:38:51.469  render           | Fra: 22 | Mem: 0M | Synchronizing object | L_7_e
02:38:51.583  render           | Fra: 22 | Mem: 0M | Synchronizing object | L_8_w
02:38:51.603  render           | Fra: 22 | Mem: 0M | Synchronizing object | L_9_s
02:38:51.613  render           | Fra: 22 | Mem: 0M | Synchronizing object | L_10_k
02:38:51.814  render           | Fra: 22 | Mem: 0M | Initializing
02:38:51.817  render           | Fra: 22 | Mem: 0M | Waiting for render to start
02:38:51.817  render           | Fra: 22 | Mem: 0M | Updating Scene
02:38:51.817  render           | Fra: 22 | Mem: 0M | Updating Shaders
02:38:51.817  render           | Fra: 22 | Mem: 0M | Loading render kernels (may take a few minutes the first time)
02:38:51.818  render           | Fra: 22 | Mem: 1M | Updating Procedurals
02:38:51.818  render           | Fra: 22 | Mem: 1M | Updating Background
02:38:51.818  render           | Fra: 22 | Mem: 1M | Updating Camera
02:38:51.818  render           | Fra: 22 | Mem: 1M | Updating Meshes Flags
02:38:51.818  render           | Fra: 22 | Mem: 1M | Updating Objects
02:38:51.818  render           | Fra: 22 | Mem: 1M | Updating Objects | Copying Transformations to device
02:38:51.818  render           | Fra: 22 | Mem: 1M | Updating Particle Systems
02:38:51.818  render           | Fra: 22 | Mem: 1M | Updating Particle Systems | Copying Particles to device
02:38:51.818  render           | Fra: 22 | Mem: 1M | Updating Meshes
02:38:51.818  render           | Fra: 22 | Mem: 1M | Updating Objects | Applying Static Transformations
02:38:51.884  render           | Fra: 22 | Mem: 1M | Updating Mesh | Computing attributes
02:38:51.926  render           | Fra: 22 | Mem: 1M | Updating Mesh | Copying Attributes to device
02:38:52.044  render           | Fra: 22 | Mem: 105M | Updating Scene BVH | Building
02:38:52.044  render           | Fra: 22 | Mem: 105M | Updating Scene BVH | Building BVH
02:38:52.156  render           | Fra: 22 | Mem: 1198M | Updating Scene BVH | Building BVH 0%
02:38:52.455  render           | Fra: 22 | Mem: 1209M | Updating Scene BVH | Building BVH 1%
02:38:52.705  render           | Fra: 22 | Mem: 1405M | Updating Scene BVH | Building BVH 12%
02:39:16.222  render           | Fra: 22 | Mem: 1511M | Updating Scene BVH | Building BVH 18%
02:39:16.473  render           | Fra: 22 | Mem: 1683M | Updating Scene BVH | Building BVH 28%
02:39:16.737  render           | Fra: 22 | Mem: 1849M | Updating Scene BVH | Building BVH 38%
02:39:16.987  render           | Fra: 22 | Mem: 2013M | Updating Scene BVH | Building BVH 47%
02:39:17.237  render           | Fra: 22 | Mem: 2189M | Updating Scene BVH | Building BVH 58%
02:39:17.487  render           | Fra: 22 | Mem: 2367M | Updating Scene BVH | Building BVH 68%
02:39:17.739  render           | Fra: 22 | Mem: 2533M | Updating Scene BVH | Building BVH 78%
02:39:17.990  render           | Fra: 22 | Mem: 2831M | Updating Scene BVH | Building BVH 96%
02:39:18.042  render           | Fra: 22 | Mem: 2907M | Updating Scene BVH | Copying BVH to device
02:39:18.042  render           | Fra: 22 | Mem: 2907M | Updating Mesh | Computing normals
02:39:18.043  render           | Fra: 22 | Mem: 2907M | Updating Mesh | Copying Mesh to device
02:39:18.043  render           | Fra: 22 | Mem: 2910M | Updating Mesh | Copying Curves to device
02:39:18.115  render           | Fra: 22 | Mem: 3424M | Updating Objects Flags
02:39:18.115  render           | Fra: 22 | Mem: 3424M | Updating Primitive Offsets
02:39:18.115  render           | Fra: 22 | Mem: 3424M | Updating Images
02:39:18.115  render           | Fra: 22 | Mem: 3424M | Updating Volume
02:39:18.115  render           | Fra: 22 | Mem: 3424M | Updating Camera Volume
02:39:18.115  render           | Fra: 22 | Mem: 3424M | Updating Lookup Tables
02:39:18.115  render           | Fra: 22 | Mem: 3424M | Updating Lights
02:39:18.115  render           | Fra: 22 | Mem: 3424M | Updating Lights | Computing tree
02:39:18.115  render           | Fra: 22 | Mem: 3424M | Updating Integrator
02:39:18.116  render           | Fra: 22 | Mem: 3425M | Updating Film
02:39:18.116  render           | Fra: 22 | Mem: 3425M | Updating Lookup Tables
02:39:18.116  render           | Fra: 22 | Mem: 3425M | Updating Baking
02:39:18.116  render           | Fra: 22 | Mem: 3425M | Updating Device | Writing constant memory
02:39:18.116  render           | Fra: 22 | Mem: 3425M | Sample 0/256
02:39:19.561  render           | Fra: 22 | Remaining: 06:08.65 | Mem: 3461M | Sample 1/256
02:52:26.276  render           | Fra: 22 | Remaining: 03:04:40.60 | Mem: 3461M | Sample 17/256
02:55:10.438  render           | Fra: 22 | Remaining: 01:47:15.38 | Mem: 3461M | Sample 33/256
03:08:45.142  render           | Fra: 22 | Remaining: 02:04:24.78 | Mem: 3461M | Sample 49/256
03:13:18.667  render           | Fra: 22 | Remaining: 01:39:56.08 | Mem: 3461M | Sample 65/256
03:16:28.385  render           | Fra: 22 | Remaining: 01:21:46.59 | Mem: 3461M | Sample 80/256
03:21:33.486  render           | Fra: 22 | Remaining: 01:11:36.78 | Mem: 3461M | Sample 95/256
03:21:34.895  render           | Fra: 22 | Remaining: 01:10:27.96 | Mem: 3461M | Sample 96/256
03:21:40.860  render           | Fra: 22 | Remaining: 01:09:28.00 | Mem: 3461M | Sample 97/256
03:21:44.702  render           | Fra: 22 | Remaining: 01:08:25.72 | Mem: 3461M | Sample 98/256
03:21:48.396  render           | Fra: 22 | Remaining: 01:07:24.38 | Mem: 3461M | Sample 99/256
03:21:51.351  render           | Fra: 22 | Remaining: 01:06:23.04 | Mem: 3461M | Sample 100/256
03:21:53.814  render           | Fra: 22 | Remaining: 01:05:22.11 | Mem: 3461M | Sample 101/256
03:21:56.410  render           | Fra: 22 | Remaining: 01:04:22.52 | Mem: 3461M | Sample 102/256
03:25:40.119  render           | Fra: 22 | Remaining: 01:08:52.49 | Mem: 3461M | Sample 103/256
03:25:41.606  render           | Fra: 22 | Remaining: 01:07:48.17 | Mem: 3461M | Sample 104/256
03:25:42.943  render           | Fra: 22 | Remaining: 01:06:44.84 | Mem: 3461M | Sample 105/256
03:25:44.293  render           | Fra: 22 | Remaining: 01:05:42.70 | Mem: 3461M | Sample 106/256
03:25:45.744  render           | Fra: 22 | Remaining: 01:04:41.83 | Mem: 3461M | Sample 107/256
03:25:47.479  render           | Fra: 22 | Remaining: 01:03:42.46 | Mem: 3461M | Sample 108/256
03:25:48.974  render           | Fra: 22 | Remaining: 01:02:43.81 | Mem: 3461M | Sample 109/256
03:25:50.412  render           | Fra: 22 | Remaining: 01:01:46.13 | Mem: 3461M | Sample 110/256
03:25:51.793  render           | Fra: 22 | Remaining: 01:00:49.39 | Mem: 3461M | Sample 111/256
03:25:53.119  render           | Fra: 22 | Remaining: 59:53.57 | Mem: 3461M | Sample 112/256
03:25:54.462  render           | Fra: 22 | Remaining: 58:58.73 | Mem: 3461M | Sample 113/256
03:25:55.832  render           | Fra: 22 | Remaining: 58:04.87 | Mem: 3461M | Sample 114/256
03:25:57.180  render           | Fra: 22 | Remaining: 57:11.89 | Mem: 3461M | Sample 115/256
03:25:58.539  render           | Fra: 22 | Remaining: 56:19.82 | Mem: 3461M | Sample 116/256
03:25:59.942  render           | Fra: 22 | Remaining: 55:28.66 | Mem: 3461M | Sample 117/256
03:26:01.305  render           | Fra: 22 | Remaining: 54:38.30 | Mem: 3461M | Sample 118/256
03:26:03.173  render           | Fra: 22 | Remaining: 53:49.35 | Mem: 3461M | Sample 119/256
03:26:04.541  render           | Fra: 22 | Remaining: 53:00.61 | Mem: 3461M | Sample 120/256
03:26:05.975  render           | Fra: 22 | Remaining: 52:12.73 | Mem: 3461M | Sample 121/256
03:26:07.473  render           | Fra: 22 | Remaining: 51:25.68 | Mem: 3461M | Sample 122/256
03:26:08.874  render           | Fra: 22 | Remaining: 50:39.27 | Mem: 3461M | Sample 123/256
03:26:10.270  render           | Fra: 22 | Remaining: 49:53.58 | Mem: 3461M | Sample 124/256
03:26:11.697  render           | Fra: 22 | Remaining: 49:08.63 | Mem: 3461M | Sample 125/256
03:26:13.199  render           | Fra: 22 | Remaining: 48:24.45 | Mem: 3461M | Sample 126/256
03:26:14.603  render           | Fra: 22 | Remaining: 47:40.84 | Mem: 3461M | Sample 127/256
03:26:16.043  render           | Fra: 22 | Remaining: 46:57.92 | Mem: 3461M | Sample 128/256
03:26:17.629  render           | Fra: 22 | Remaining: 46:15.79 | Mem: 3461M | Sample 129/256
03:26:19.148  render           | Fra: 22 | Remaining: 45:34.23 | Mem: 3461M | Sample 130/256
03:26:20.567  render           | Fra: 22 | Remaining: 44:53.17 | Mem: 3461M | Sample 131/256
03:26:22.016  render           | Fra: 22 | Remaining: 44:12.75 | Mem: 3461M | Sample 132/256
03:26:23.426  render           | Fra: 22 | Remaining: 43:32.88 | Mem: 3461M | Sample 133/256
03:26:24.890  render           | Fra: 22 | Remaining: 42:53.63 | Mem: 3461M | Sample 134/256
03:26:26.362  render           | Fra: 22 | Remaining: 42:14.94 | Mem: 3461M | Sample 135/256
03:26:27.782  render           | Fra: 22 | Remaining: 41:36.76 | Mem: 3461M | Sample 136/256
03:26:29.247  render           | Fra: 22 | Remaining: 40:59.15 | Mem: 3461M | Sample 137/256
03:26:30.686  render           | Fra: 22 | Remaining: 40:22.05 | Mem: 3461M | Sample 138/256
03:26:32.123  render           | Fra: 22 | Remaining: 39:45.45 | Mem: 3461M | Sample 139/256
03:26:33.555  render           | Fra: 22 | Remaining: 39:09.36 | Mem: 3461M | Sample 140/256
03:26:34.980  render           | Fra: 22 | Remaining: 38:33.75 | Mem: 3461M | Sample 141/256
03:26:36.422  render           | Fra: 22 | Remaining: 37:58.64 | Mem: 3461M | Sample 142/256
03:26:37.890  render           | Fra: 22 | Remaining: 37:24.01 | Mem: 3461M | Sample 143/256
03:26:39.346  render           | Fra: 22 | Remaining: 36:49.84 | Mem: 3461M | Sample 144/256
03:26:40.804  render           | Fra: 22 | Remaining: 36:16.12 | Mem: 3461M | Sample 145/256
03:26:42.260  render           | Fra: 22 | Remaining: 35:42.84 | Mem: 3461M | Sample 146/256
03:26:43.706  render           | Fra: 22 | Remaining: 35:09.99 | Mem: 3461M | Sample 147/256
03:26:45.170  render           | Fra: 22 | Remaining: 34:37.58 | Mem: 3461M | Sample 148/256
03:26:46.671  render           | Fra: 22 | Remaining: 34:05.60 | Mem: 3461M | Sample 149/256
03:26:48.176  render           | Fra: 22 | Remaining: 33:34.04 | Mem: 3461M | Sample 150/256
03:26:49.630  render           | Fra: 22 | Remaining: 33:02.84 | Mem: 3461M | Sample 151/256
03:26:51.291  render           | Fra: 22 | Remaining: 32:32.17 | Mem: 3461M | Sample 152/256
03:26:52.832  render           | Fra: 22 | Remaining: 32:01.80 | Mem: 3461M | Sample 153/256
03:26:54.300  render           | Fra: 22 | Remaining: 31:31.75 | Mem: 3461M | Sample 154/256
03:26:55.756  render           | Fra: 22 | Remaining: 31:02.07 | Mem: 3461M | Sample 155/256
03:26:57.251  render           | Fra: 22 | Remaining: 30:32.77 | Mem: 3461M | Sample 156/256
03:26:58.722  render           | Fra: 22 | Remaining: 30:03.82 | Mem: 3461M | Sample 157/256
03:27:00.216  render           | Fra: 22 | Remaining: 29:35.22 | Mem: 3461M | Sample 158/256
03:27:01.706  render           | Fra: 22 | Remaining: 29:06.96 | Mem: 3461M | Sample 159/256
03:27:03.211  render           | Fra: 22 | Remaining: 28:39.05 | Mem: 3461M | Sample 160/256
03:27:04.731  render           | Fra: 22 | Remaining: 28:11.48 | Mem: 3461M | Sample 161/256
03:27:06.263  render           | Fra: 22 | Remaining: 27:44.23 | Mem: 3461M | Sample 162/256
03:27:07.786  render           | Fra: 22 | Remaining: 27:17.29 | Mem: 3461M | Sample 163/256
03:27:09.491  render           | Fra: 22 | Remaining: 26:50.77 | Mem: 3461M | Sample 164/256
03:27:11.060  render           | Fra: 22 | Remaining: 26:24.47 | Mem: 3461M | Sample 165/256
03:27:12.565  render           | Fra: 22 | Remaining: 25:58.43 | Mem: 3461M | Sample 166/256
03:27:14.063  render           | Fra: 22 | Remaining: 25:32.69 | Mem: 3461M | Sample 167/256
03:27:15.591  render           | Fra: 22 | Remaining: 25:07.24 | Mem: 3461M | Sample 168/256
03:27:17.099  render           | Fra: 22 | Remaining: 24:42.08 | Mem: 3461M | Sample 169/256
03:27:18.591  render           | Fra: 22 | Remaining: 24:17.18 | Mem: 3461M | Sample 170/256
03:27:20.094  render           | Fra: 22 | Remaining: 23:52.56 | Mem: 3461M | Sample 171/256
03:27:21.686  render           | Fra: 22 | Remaining: 23:28.25 | Mem: 3461M | Sample 172/256
03:27:23.329  render           | Fra: 22 | Remaining: 23:04.23 | Mem: 3461M | Sample 173/256
03:27:25.144  render           | Fra: 22 | Remaining: 22:40.55 | Mem: 3461M | Sample 174/256
03:27:26.787  render           | Fra: 22 | Remaining: 22:17.04 | Mem: 3461M | Sample 175/256
03:27:28.414  render           | Fra: 22 | Remaining: 21:53.77 | Mem: 3461M | Sample 176/256
03:27:29.909  render           | Fra: 22 | Remaining: 21:30.68 | Mem: 3461M | Sample 177/256
03:27:31.441  render           | Fra: 22 | Remaining: 21:07.86 | Mem: 3461M | Sample 178/256
03:27:32.951  render           | Fra: 22 | Remaining: 20:45.26 | Mem: 3461M | Sample 179/256
03:27:34.493  render           | Fra: 22 | Remaining: 20:22.91 | Mem: 3461M | Sample 180/256
03:27:36.056  render           | Fra: 22 | Remaining: 20:00.80 | Mem: 3461M | Sample 181/256
03:27:37.584  render           | Fra: 22 | Remaining: 19:38.90 | Mem: 3461M | Sample 182/256
03:27:39.098  render           | Fra: 22 | Remaining: 19:17.22 | Mem: 3461M | Sample 183/256
03:27:40.625  render           | Fra: 22 | Remaining: 18:55.76 | Mem: 3461M | Sample 184/256
03:27:42.152  render           | Fra: 22 | Remaining: 18:34.52 | Mem: 3461M | Sample 185/256
03:27:43.676  render           | Fra: 22 | Remaining: 18:13.49 | Mem: 3461M | Sample 186/256
03:27:45.193  render           | Fra: 22 | Remaining: 17:52.66 | Mem: 3461M | Sample 187/256
03:27:46.700  render           | Fra: 22 | Remaining: 17:32.04 | Mem: 3461M | Sample 188/256
03:27:48.231  render           | Fra: 22 | Remaining: 17:11.62 | Mem: 3461M | Sample 189/256
03:27:49.752  render           | Fra: 22 | Remaining: 16:51.41 | Mem: 3461M | Sample 190/256
03:27:51.317  render           | Fra: 22 | Remaining: 16:31.40 | Mem: 3461M | Sample 191/256
03:27:52.849  render           | Fra: 22 | Remaining: 16:11.57 | Mem: 3461M | Sample 192/256
03:27:54.363  render           | Fra: 22 | Remaining: 15:51.93 | Mem: 3461M | Sample 193/256
03:27:55.872  render           | Fra: 22 | Remaining: 15:32.47 | Mem: 3461M | Sample 194/256
03:27:57.394  render           | Fra: 22 | Remaining: 15:13.21 | Mem: 3461M | Sample 195/256
03:28:00.397  render           | Fra: 22 | Remaining: 14:35.20 | Mem: 3461M | Sample 197/256
03:28:03.555  render           | Fra: 22 | Remaining: 13:57.94 | Mem: 3461M | Sample 199/256
03:28:06.829  render           | Fra: 22 | Remaining: 13:21.38 | Mem: 3461M | Sample 201/256
03:28:09.864  render           | Fra: 22 | Remaining: 12:45.43 | Mem: 3461M | Sample 203/256
03:28:12.830  render           | Fra: 22 | Remaining: 12:10.09 | Mem: 3461M | Sample 205/256
03:28:15.809  render           | Fra: 22 | Remaining: 11:35.39 | Mem: 3461M | Sample 207/256
03:28:17.332  render           | Fra: 22 | Remaining: 11:18.28 | Mem: 3461M | Sample 208/256
03:28:20.451  render           | Fra: 22 | Remaining: 10:44.51 | Mem: 3461M | Sample 210/256
03:28:23.646  render           | Fra: 22 | Remaining: 10:11.33 | Mem: 3461M | Sample 212/256
03:28:26.679  render           | Fra: 22 | Remaining: 09:38.68 | Mem: 3461M | Sample 214/256
03:28:29.622  render           | Fra: 22 | Remaining: 09:06.57 | Mem: 3461M | Sample 216/256
03:28:32.587  render           | Fra: 22 | Remaining: 08:34.99 | Mem: 3461M | Sample 218/256
03:28:35.593  render           | Fra: 22 | Remaining: 08:03.95 | Mem: 3461M | Sample 220/256
03:28:38.635  render           | Fra: 22 | Remaining: 07:33.41 | Mem: 3461M | Sample 222/256
03:28:41.662  render           | Fra: 22 | Remaining: 07:03.36 | Mem: 3461M | Sample 224/256
03:28:44.698  render           | Fra: 22 | Remaining: 06:33.79 | Mem: 3461M | Sample 226/256
03:28:47.750  render           | Fra: 22 | Remaining: 06:04.69 | Mem: 3461M | Sample 228/256
03:28:50.863  render           | Fra: 22 | Remaining: 05:36.04 | Mem: 3461M | Sample 230/256
03:28:54.022  render           | Fra: 22 | Remaining: 05:07.85 | Mem: 3461M | Sample 232/256
03:28:57.134  render           | Fra: 22 | Remaining: 04:40.07 | Mem: 3461M | Sample 234/256
03:29:00.247  render           | Fra: 22 | Remaining: 04:12.72 | Mem: 3461M | Sample 236/256
03:29:03.453  render           | Fra: 22 | Remaining: 03:45.78 | Mem: 3461M | Sample 238/256
03:29:06.919  render           | Fra: 22 | Remaining: 03:19.25 | Mem: 3461M | Sample 240/256
03:29:10.231  render           | Fra: 22 | Remaining: 02:53.09 | Mem: 3461M | Sample 242/256
03:29:13.498  render           | Fra: 22 | Remaining: 02:27.31 | Mem: 3461M | Sample 244/256
03:29:16.822  render           | Fra: 22 | Remaining: 02:01.89 | Mem: 3461M | Sample 246/256
03:29:20.155  render           | Fra: 22 | Remaining: 01:36.83 | Mem: 3461M | Sample 248/256
03:29:23.549  render           | Fra: 22 | Remaining: 01:12.13 | Mem: 3461M | Sample 250/256
03:29:26.818  render           | Fra: 22 | Remaining: 00:47.75 | Mem: 3461M | Sample 252/256
03:29:30.164  render           | Fra: 22 | Remaining: 00:23.71 | Mem: 3461M | Sample 254/256
03:29:33.477  render           | Fra: 22 | Mem: 3461M | Sample 256/256
03:29:33.477  render           | Fra: 22 | Mem: 3461M | Finished
03:29:33.582  render           | Saved: '/Users/kacpermioduszewski/mioduszewsky-com/assets/logo3d/frames_dal/f_0022.png'
03:29:33.582  render           | Time: 50:44.40 (Saving: 00:00.05)
03:29:33.582  render           | Rendering frame 23
03:29:33.584  render           | Start rendering: Scene, ViewLayer
03:29:33.584  render           | Engine: Cycles
03:29:34.582  render           | Fra: 23 | Mem: 0M | Synchronizing object | L_0_m
03:29:34.583  render           | Fra: 23 | Mem: 0M | Synchronizing object | L_1_i
03:29:34.583  render           | Fra: 23 | Mem: 0M | Synchronizing object | L_0_m
03:29:34.583  render           | Fra: 23 | Mem: 0M | Synchronizing object | L_2_o
03:29:34.583  render           | Fra: 23 | Mem: 0M | Synchronizing object | L_1_i
03:29:34.583  render           | Fra: 23 | Mem: 0M | Synchronizing object | L_2_o
03:29:34.583  render           | Fra: 23 | Mem: 0M | Synchronizing object | L_3_d
03:29:34.583  render           | Fra: 23 | Mem: 0M | Synchronizing object | L_4_u
03:29:34.583  render           | Fra: 23 | Mem: 0M | Synchronizing object | L_5_s
03:29:34.583  render           | Fra: 23 | Mem: 0M | Synchronizing object | L_4_u
03:29:34.584  render           | Fra: 23 | Mem: 0M | Synchronizing object | L_6_z
03:29:34.584  render           | Fra: 23 | Mem: 0M | Synchronizing object | L_5_s
03:29:34.584  render           | Fra: 23 | Mem: 0M | Synchronizing object | L_7_e
03:29:34.584  render           | Fra: 23 | Mem: 0M | Synchronizing object | L_6_z
03:29:34.584  render           | Fra: 23 | Mem: 0M | Synchronizing object | L_7_e
03:29:34.584  render           | Fra: 23 | Mem: 0M | Synchronizing object | L_8_w
03:29:34.590  render           | Fra: 23 | Mem: 0M | Synchronizing object | L_9_s
03:29:34.590  render           | Fra: 23 | Mem: 0M | Synchronizing object | L_8_w
03:29:34.591  render           | Fra: 23 | Mem: 0M | Synchronizing object | L_10_k
03:29:34.592  render           | Fra: 23 | Mem: 0M | Synchronizing object | L_11_y
03:29:34.593  render           | Fra: 23 | Mem: 0M | Synchronizing object | rim_r
03:29:34.593  render           | Fra: 23 | Mem: 0M | Synchronizing object | rim_l
03:29:34.593  render           | Fra: 23 | Mem: 0M | Synchronizing object | fill
03:29:34.593  render           | Fra: 23 | Mem: 0M | Synchronizing object | key
03:29:34.593  render           | Fra: 23 | Mem: 0M | Synchronizing object | L_11_y
03:29:34.628  render           | Fra: 23 | Mem: 0M | Synchronizing object | L_9_s
03:29:34.663  render           | Fra: 23 | Mem: 0M | Synchronizing object | L_10_k
03:29:34.730  render           | Fra: 23 | Mem: 0M | Initializing
03:29:34.731  render           | Fra: 23 | Mem: 0M | Waiting for render to start
03:29:34.731  render           | Fra: 23 | Mem: 0M | Updating Scene
03:29:34.731  render           | Fra: 23 | Mem: 0M | Updating Shaders
03:29:34.731  render           | Fra: 23 | Mem: 0M | Loading render kernels (may take a few minutes the first time)
03:29:34.731  render           | Fra: 23 | Mem: 1M | Updating Procedurals
03:29:34.731  render           | Fra: 23 | Mem: 1M | Updating Background
03:29:34.731  render           | Fra: 23 | Mem: 1M | Updating Camera
03:29:34.731  render           | Fra: 23 | Mem: 1M | Updating Meshes Flags
03:29:34.731  render           | Fra: 23 | Mem: 1M | Updating Objects
03:29:34.731  render           | Fra: 23 | Mem: 1M | Updating Objects | Copying Transformations to device
03:29:34.731  render           | Fra: 23 | Mem: 1M | Updating Particle Systems
03:29:34.731  render           | Fra: 23 | Mem: 1M | Updating Particle Systems | Copying Particles to device
03:29:34.731  render           | Fra: 23 | Mem: 1M | Updating Meshes
03:29:34.731  render           | Fra: 23 | Mem: 1M | Updating Objects | Applying Static Transformations
03:29:34.765  render           | Fra: 23 | Mem: 1M | Updating Mesh | Computing attributes
03:29:34.787  render           | Fra: 23 | Mem: 1M | Updating Mesh | Copying Attributes to device
03:29:34.848  render           | Fra: 23 | Mem: 105M | Updating Scene BVH | Building
03:29:34.848  render           | Fra: 23 | Mem: 105M | Updating Scene BVH | Building BVH
03:29:34.898  render           | Fra: 23 | Mem: 1198M | Updating Scene BVH | Building BVH 0%
03:29:35.148  render           | Fra: 23 | Mem: 1295M | Updating Scene BVH | Building BVH 5%
03:29:35.398  render           | Fra: 23 | Mem: 1581M | Updating Scene BVH | Building BVH 23%
03:29:35.648  render           | Fra: 23 | Mem: 1859M | Updating Scene BVH | Building BVH 39%
03:29:35.898  render           | Fra: 23 | Mem: 2113M | Updating Scene BVH | Building BVH 55%
03:29:36.148  render           | Fra: 23 | Mem: 2345M | Updating Scene BVH | Building BVH 68%
03:29:36.399  render           | Fra: 23 | Mem: 2557M | Updating Scene BVH | Building BVH 81%
03:29:36.649  render           | Fra: 23 | Mem: 2825M | Updating Scene BVH | Building BVH 95%
03:29:36.727  render           | Fra: 23 | Mem: 2905M | Updating Scene BVH | Copying BVH to device
03:29:36.727  render           | Fra: 23 | Mem: 2905M | Updating Mesh | Computing normals
03:29:36.728  render           | Fra: 23 | Mem: 2905M | Updating Mesh | Copying Mesh to device
03:29:36.728  render           | Fra: 23 | Mem: 2908M | Updating Mesh | Copying Curves to device
03:29:36.880  render           | Fra: 23 | Mem: 3422M | Updating Objects Flags
03:29:36.880  render           | Fra: 23 | Mem: 3422M | Updating Primitive Offsets
03:29:36.880  render           | Fra: 23 | Mem: 3422M | Updating Images
03:29:36.880  render           | Fra: 23 | Mem: 3422M | Updating Volume
03:29:36.880  render           | Fra: 23 | Mem: 3422M | Updating Camera Volume
03:29:36.880  render           | Fra: 23 | Mem: 3422M | Updating Lookup Tables
03:29:36.880  render           | Fra: 23 | Mem: 3422M | Updating Lights
03:29:36.880  render           | Fra: 23 | Mem: 3422M | Updating Lights | Computing tree
03:29:36.880  render           | Fra: 23 | Mem: 3422M | Updating Integrator
03:29:36.880  render           | Fra: 23 | Mem: 3423M | Updating Film
03:29:36.880  render           | Fra: 23 | Mem: 3423M | Updating Lookup Tables
03:29:36.880  render           | Fra: 23 | Mem: 3423M | Updating Baking
03:29:36.880  render           | Fra: 23 | Mem: 3423M | Updating Device | Writing constant memory
03:29:36.880  render           | Fra: 23 | Mem: 3423M | Sample 0/256
03:29:38.742  render           | Fra: 23 | Remaining: 07:54.74 | Mem: 3459M | Sample 1/256
03:30:04.818  render           | Fra: 23 | Remaining: 06:32.76 | Mem: 3459M | Sample 17/256
03:30:30.755  render           | Fra: 23 | Remaining: 06:04.06 | Mem: 3459M | Sample 33/256
03:30:57.195  render           | Fra: 23 | Remaining: 05:39.28 | Mem: 3459M | Sample 49/256
03:31:23.527  render           | Fra: 23 | Remaining: 05:13.37 | Mem: 3459M | Sample 65/256
03:31:48.280  render           | Fra: 23 | Remaining: 04:49.07 | Mem: 3459M | Sample 80/256
03:32:14.513  render           | Fra: 23 | Remaining: 04:22.72 | Mem: 3459M | Sample 96/256
03:32:41.198  render           | Fra: 23 | Remaining: 03:56.98 | Mem: 3459M | Sample 112/256
03:33:07.729  render           | Fra: 23 | Remaining: 03:30.84 | Mem: 3459M | Sample 128/256
03:33:34.338  render           | Fra: 23 | Remaining: 03:04.68 | Mem: 3459M | Sample 144/256
03:34:01.377  render           | Fra: 23 | Remaining: 02:38.69 | Mem: 3459M | Sample 160/256
03:34:29.267  render           | Fra: 23 | Remaining: 02:12.90 | Mem: 3459M | Sample 176/256
03:34:57.175  render           | Fra: 23 | Remaining: 01:46.76 | Mem: 3459M | Sample 192/256
03:35:25.082  render           | Fra: 23 | Remaining: 01:20.35 | Mem: 3459M | Sample 208/256
03:35:53.450  render           | Fra: 23 | Remaining: 00:53.79 | Mem: 3459M | Sample 224/256
03:36:21.750  render           | Fra: 23 | Remaining: 00:26.99 | Mem: 3459M | Sample 240/256
03:36:50.306  render           | Fra: 23 | Mem: 3459M | Sample 256/256
03:36:50.306  render           | Fra: 23 | Mem: 3459M | Finished
03:36:50.418  render           | Saved: '/Users/kacpermioduszewski/mioduszewsky-com/assets/logo3d/frames_dal/f_0023.png'
03:36:50.418  render           | Time: 07:16.83 (Saving: 00:00.05)
03:36:50.418  render           | Rendering frame 24
03:36:50.420  render           | Start rendering: Scene, ViewLayer
03:36:50.420  render           | Engine: Cycles
03:36:51.576  render           | Fra: 24 | Mem: 0M | Synchronizing object | L_0_m
03:36:51.577  render           | Fra: 24 | Mem: 0M | Synchronizing object | L_1_i
03:36:51.577  render           | Fra: 24 | Mem: 0M | Synchronizing object | L_2_o
03:36:51.577  render           | Fra: 24 | Mem: 0M | Synchronizing object | L_1_i
03:36:51.577  render           | Fra: 24 | Mem: 0M | Synchronizing object | L_2_o
03:36:51.578  render           | Fra: 24 | Mem: 0M | Synchronizing object | L_3_d
03:36:51.578  render           | Fra: 24 | Mem: 0M | Synchronizing object | L_4_u
03:36:51.578  render           | Fra: 24 | Mem: 0M | Synchronizing object | L_3_d
03:36:51.578  render           | Fra: 24 | Mem: 0M | Synchronizing object | L_4_u
03:36:51.578  render           | Fra: 24 | Mem: 0M | Synchronizing object | L_5_s
03:36:51.579  render           | Fra: 24 | Mem: 0M | Synchronizing object | L_6_z
03:36:51.579  render           | Fra: 24 | Mem: 0M | Synchronizing object | L_5_s
03:36:51.579  render           | Fra: 24 | Mem: 0M | Synchronizing object | L_7_e
03:36:51.579  render           | Fra: 24 | Mem: 0M | Synchronizing object | L_6_z
03:36:51.580  render           | Fra: 24 | Mem: 0M | Synchronizing object | L_7_e
03:36:51.580  render           | Fra: 24 | Mem: 0M | Synchronizing object | L_8_w
03:36:51.581  render           | Fra: 24 | Mem: 0M | Synchronizing object | L_9_s
03:36:51.582  render           | Fra: 24 | Mem: 0M | Synchronizing object | L_10_k
03:36:51.582  render           | Fra: 24 | Mem: 0M | Synchronizing object | L_11_y
03:36:51.583  render           | Fra: 24 | Mem: 0M | Synchronizing object | rim_r
03:36:51.583  render           | Fra: 24 | Mem: 0M | Synchronizing object | rim_l
03:36:51.583  render           | Fra: 24 | Mem: 0M | Synchronizing object | fill
03:36:51.583  render           | Fra: 24 | Mem: 0M | Synchronizing object | key
03:36:51.583  render           | Fra: 24 | Mem: 0M | Synchronizing object | L_11_y
03:36:51.585  render           | Fra: 24 | Mem: 0M | Synchronizing object | L_8_w
03:36:51.622  render           | Fra: 24 | Mem: 0M | Synchronizing object | L_9_s
03:36:51.666  render           | Fra: 24 | Mem: 0M | Synchronizing object | L_10_k
03:36:51.749  render           | Fra: 24 | Mem: 0M | Initializing
03:36:51.750  render           | Fra: 24 | Mem: 0M | Waiting for render to start
03:36:51.750  render           | Fra: 24 | Mem: 0M | Updating Scene
03:36:51.750  render           | Fra: 24 | Mem: 0M | Updating Shaders
03:36:51.750  render           | Fra: 24 | Mem: 0M | Loading render kernels (may take a few minutes the first time)
03:36:51.750  render           | Fra: 24 | Mem: 1M | Updating Procedurals
03:36:51.750  render           | Fra: 24 | Mem: 1M | Updating Background
03:36:51.750  render           | Fra: 24 | Mem: 1M | Updating Camera
03:36:51.750  render           | Fra: 24 | Mem: 1M | Updating Meshes Flags
03:36:51.750  render           | Fra: 24 | Mem: 1M | Updating Objects
03:36:51.750  render           | Fra: 24 | Mem: 1M | Updating Objects | Copying Transformations to device
03:36:51.750  render           | Fra: 24 | Mem: 1M | Updating Particle Systems
03:36:51.750  render           | Fra: 24 | Mem: 1M | Updating Particle Systems | Copying Particles to device
03:36:51.750  render           | Fra: 24 | Mem: 1M | Updating Meshes
03:36:51.750  render           | Fra: 24 | Mem: 1M | Updating Objects | Applying Static Transformations
03:36:51.784  render           | Fra: 24 | Mem: 1M | Updating Mesh | Computing attributes
03:36:51.806  render           | Fra: 24 | Mem: 1M | Updating Mesh | Copying Attributes to device
03:36:51.873  render           | Fra: 24 | Mem: 105M | Updating Scene BVH | Building
03:36:51.873  render           | Fra: 24 | Mem: 105M | Updating Scene BVH | Building BVH
03:36:51.927  render           | Fra: 24 | Mem: 1198M | Updating Scene BVH | Building BVH 0%
03:36:52.177  render           | Fra: 24 | Mem: 1259M | Updating Scene BVH | Building BVH 4%
03:36:52.427  render           | Fra: 24 | Mem: 1527M | Updating Scene BVH | Building BVH 20%
03:36:52.677  render           | Fra: 24 | Mem: 1775M | Updating Scene BVH | Building BVH 34%
03:36:52.927  render           | Fra: 24 | Mem: 2033M | Updating Scene BVH | Building BVH 50%
03:36:53.179  render           | Fra: 24 | Mem: 2283M | Updating Scene BVH | Building BVH 64%
03:36:53.429  render           | Fra: 24 | Mem: 2469M | Updating Scene BVH | Building BVH 75%
03:36:53.680  render           | Fra: 24 | Mem: 2691M | Updating Scene BVH | Building BVH 88%
03:36:53.916  render           | Fra: 24 | Mem: 2905M | Updating Scene BVH | Copying BVH to device
03:36:53.916  render           | Fra: 24 | Mem: 2905M | Updating Mesh | Computing normals
03:36:53.917  render           | Fra: 24 | Mem: 2905M | Updating Mesh | Copying Mesh to device
03:36:53.917  render           | Fra: 24 | Mem: 2908M | Updating Mesh | Copying Curves to device
03:36:54.005  render           | Fra: 24 | Mem: 3422M | Updating Objects Flags
03:36:54.005  render           | Fra: 24 | Mem: 3422M | Updating Primitive Offsets
03:36:54.005  render           | Fra: 24 | Mem: 3422M | Updating Images
03:36:54.005  render           | Fra: 24 | Mem: 3422M | Updating Volume
03:36:54.005  render           | Fra: 24 | Mem: 3422M | Updating Camera Volume
03:36:54.005  render           | Fra: 24 | Mem: 3422M | Updating Lookup Tables
03:36:54.005  render           | Fra: 24 | Mem: 3422M | Updating Lights
03:36:54.005  render           | Fra: 24 | Mem: 3422M | Updating Lights | Computing tree
03:36:54.005  render           | Fra: 24 | Mem: 3422M | Updating Integrator
03:36:54.005  render           | Fra: 24 | Mem: 3423M | Updating Film
03:36:54.005  render           | Fra: 24 | Mem: 3423M | Updating Lookup Tables
03:36:54.005  render           | Fra: 24 | Mem: 3423M | Updating Baking
03:36:54.005  render           | Fra: 24 | Mem: 3423M | Updating Device | Writing constant memory
03:36:54.005  render           | Fra: 24 | Mem: 3423M | Sample 0/256
03:36:55.991  render           | Fra: 24 | Remaining: 08:26.46 | Mem: 3459M | Sample 1/256
03:37:24.411  render           | Fra: 24 | Remaining: 07:07.47 | Mem: 3459M | Sample 17/256
03:37:52.659  render           | Fra: 24 | Remaining: 06:36.35 | Mem: 3459M | Sample 33/256
03:38:21.297  render           | Fra: 24 | Remaining: 06:08.76 | Mem: 3459M | Sample 49/256
03:38:49.777  render           | Fra: 24 | Remaining: 05:40.18 | Mem: 3459M | Sample 65/256
03:39:16.753  render           | Fra: 24 | Remaining: 05:14.04 | Mem: 3459M | Sample 80/256
03:39:45.046  render           | Fra: 24 | Remaining: 04:45.06 | Mem: 3459M | Sample 96/256
03:40:13.359  render           | Fra: 24 | Remaining: 04:16.31 | Mem: 3459M | Sample 112/256
03:40:41.886  render           | Fra: 24 | Remaining: 03:47.88 | Mem: 3459M | Sample 128/256
03:41:10.326  render           | Fra: 24 | Remaining: 03:19.36 | Mem: 3459M | Sample 144/256
03:41:38.822  render           | Fra: 24 | Remaining: 02:50.89 | Mem: 3459M | Sample 160/256
03:42:07.392  render           | Fra: 24 | Remaining: 02:22.44 | Mem: 3459M | Sample 176/256
03:42:36.049  render           | Fra: 24 | Remaining: 01:54.01 | Mem: 3459M | Sample 192/256
03:43:04.408  render           | Fra: 24 | Remaining: 01:25.47 | Mem: 3459M | Sample 208/256
03:43:33.162  render           | Fra: 24 | Remaining: 00:57.02 | Mem: 3459M | Sample 224/256
03:44:01.777  render           | Fra: 24 | Remaining: 00:28.51 | Mem: 3459M | Sample 240/256
03:44:30.376  render           | Fra: 24 | Mem: 3459M | Sample 256/256
03:44:30.376  render           | Fra: 24 | Mem: 3459M | Finished
03:44:30.481  render           | Saved: '/Users/kacpermioduszewski/mioduszewsky-com/assets/logo3d/frames_dal/f_0024.png'
03:44:30.481  render           | Time: 07:40.06 (Saving: 00:00.05)
03:44:30.481  render           | Rendering frame 25
03:44:30.484  render           | Start rendering: Scene, ViewLayer
03:44:30.484  render           | Engine: Cycles
03:44:31.584  render           | Fra: 25 | Mem: 0M | Synchronizing object | L_0_m
03:44:31.584  render           | Fra: 25 | Mem: 0M | Synchronizing object | L_1_i
03:44:31.584  render           | Fra: 25 | Mem: 0M | Synchronizing object | L_0_m
03:44:31.585  render           | Fra: 25 | Mem: 0M | Synchronizing object | L_2_o
03:44:31.585  render           | Fra: 25 | Mem: 0M | Synchronizing object | L_1_i
03:44:31.585  render           | Fra: 25 | Mem: 0M | Synchronizing object | L_2_o
03:44:31.585  render           | Fra: 25 | Mem: 0M | Synchronizing object | L_3_d
03:44:31.585  render           | Fra: 25 | Mem: 0M | Synchronizing object | L_4_u
03:44:31.585  render           | Fra: 25 | Mem: 0M | Synchronizing object | L_3_d
03:44:31.586  render           | Fra: 25 | Mem: 0M | Synchronizing object | L_4_u
03:44:31.586  render           | Fra: 25 | Mem: 0M | Synchronizing object | L_5_s
03:44:31.586  render           | Fra: 25 | Mem: 0M | Synchronizing object | L_6_z
03:44:31.586  render           | Fra: 25 | Mem: 0M | Synchronizing object | L_7_e
03:44:31.587  render           | Fra: 25 | Mem: 0M | Synchronizing object | L_8_w
03:44:31.587  render           | Fra: 25 | Mem: 0M | Synchronizing object | L_9_s
03:44:31.587  render           | Fra: 25 | Mem: 0M | Synchronizing object | L_8_w
03:44:31.588  render           | Fra: 25 | Mem: 0M | Synchronizing object | L_10_k
03:44:31.589  render           | Fra: 25 | Mem: 0M | Synchronizing object | L_11_y
03:44:31.590  render           | Fra: 25 | Mem: 0M | Synchronizing object | rim_r
03:44:31.590  render           | Fra: 25 | Mem: 0M | Synchronizing object | rim_l
03:44:31.590  render           | Fra: 25 | Mem: 0M | Synchronizing object | fill
03:44:31.590  render           | Fra: 25 | Mem: 0M | Synchronizing object | key
03:44:31.590  render           | Fra: 25 | Mem: 0M | Synchronizing object | L_11_y
03:44:31.624  render           | Fra: 25 | Mem: 0M | Synchronizing object | L_9_s
03:44:31.668  render           | Fra: 25 | Mem: 0M | Synchronizing object | L_10_k
03:44:31.751  render           | Fra: 25 | Mem: 0M | Initializing
03:44:31.752  render           | Fra: 25 | Mem: 0M | Waiting for render to start
03:44:31.752  render           | Fra: 25 | Mem: 0M | Updating Scene
03:44:31.752  render           | Fra: 25 | Mem: 0M | Updating Shaders
03:44:31.752  render           | Fra: 25 | Mem: 0M | Loading render kernels (may take a few minutes the first time)
03:44:31.752  render           | Fra: 25 | Mem: 1M | Updating Procedurals
03:44:31.752  render           | Fra: 25 | Mem: 1M | Updating Background
03:44:31.752  render           | Fra: 25 | Mem: 1M | Updating Camera
03:44:31.752  render           | Fra: 25 | Mem: 1M | Updating Meshes Flags
03:44:31.752  render           | Fra: 25 | Mem: 1M | Updating Objects
03:44:31.752  render           | Fra: 25 | Mem: 1M | Updating Objects | Copying Transformations to device
03:44:31.752  render           | Fra: 25 | Mem: 1M | Updating Particle Systems
03:44:31.752  render           | Fra: 25 | Mem: 1M | Updating Particle Systems | Copying Particles to device
03:44:31.752  render           | Fra: 25 | Mem: 1M | Updating Meshes
03:44:31.752  render           | Fra: 25 | Mem: 1M | Updating Objects | Applying Static Transformations
03:44:31.785  render           | Fra: 25 | Mem: 1M | Updating Mesh | Computing attributes
03:44:31.808  render           | Fra: 25 | Mem: 1M | Updating Mesh | Copying Attributes to device
03:44:31.880  render           | Fra: 25 | Mem: 105M | Updating Scene BVH | Building
03:44:31.880  render           | Fra: 25 | Mem: 105M | Updating Scene BVH | Building BVH
03:44:31.935  render           | Fra: 25 | Mem: 1198M | Updating Scene BVH | Building BVH 0%
03:44:32.185  render           | Fra: 25 | Mem: 1257M | Updating Scene BVH | Building BVH 4%
03:44:32.435  render           | Fra: 25 | Mem: 1527M | Updating Scene BVH | Building BVH 20%
03:44:32.685  render           | Fra: 25 | Mem: 1787M | Updating Scene BVH | Building BVH 35%
03:44:32.935  render           | Fra: 25 | Mem: 2045M | Updating Scene BVH | Building BVH 50%
03:44:33.186  render           | Fra: 25 | Mem: 2293M | Updating Scene BVH | Building BVH 65%
03:44:33.436  render           | Fra: 25 | Mem: 2467M | Updating Scene BVH | Building BVH 75%
03:44:33.687  render           | Fra: 25 | Mem: 2691M | Updating Scene BVH | Building BVH 88%
03:44:33.910  render           | Fra: 25 | Mem: 2907M | Updating Scene BVH | Copying BVH to device
03:44:33.910  render           | Fra: 25 | Mem: 2907M | Updating Mesh | Computing normals
03:44:33.911  render           | Fra: 25 | Mem: 2907M | Updating Mesh | Copying Mesh to device
03:44:33.911  render           | Fra: 25 | Mem: 2910M | Updating Mesh | Copying Curves to device
03:44:33.992  render           | Fra: 25 | Mem: 3424M | Updating Objects Flags
03:44:33.992  render           | Fra: 25 | Mem: 3424M | Updating Primitive Offsets
03:44:33.992  render           | Fra: 25 | Mem: 3424M | Updating Images
03:44:33.992  render           | Fra: 25 | Mem: 3424M | Updating Volume
03:44:33.992  render           | Fra: 25 | Mem: 3424M | Updating Camera Volume
03:44:33.992  render           | Fra: 25 | Mem: 3424M | Updating Lookup Tables
03:44:33.992  render           | Fra: 25 | Mem: 3424M | Updating Lights
03:44:33.992  render           | Fra: 25 | Mem: 3424M | Updating Lights | Computing tree
03:44:33.992  render           | Fra: 25 | Mem: 3424M | Updating Integrator
03:44:33.993  render           | Fra: 25 | Mem: 3425M | Updating Film
03:44:33.993  render           | Fra: 25 | Mem: 3425M | Updating Lookup Tables
03:44:33.993  render           | Fra: 25 | Mem: 3425M | Updating Baking
03:44:33.993  render           | Fra: 25 | Mem: 3425M | Updating Device | Writing constant memory
03:44:33.993  render           | Fra: 25 | Mem: 3425M | Sample 0/256
03:44:36.105  render           | Fra: 25 | Remaining: 08:58.46 | Mem: 3461M | Sample 1/256
03:45:05.185  render           | Fra: 25 | Remaining: 07:18.52 | Mem: 3461M | Sample 17/256
03:45:34.630  render           | Fra: 25 | Remaining: 06:49.76 | Mem: 3461M | Sample 33/256
03:46:03.946  render           | Fra: 25 | Remaining: 06:20.00 | Mem: 3461M | Sample 49/256
03:46:33.353  render           | Fra: 25 | Remaining: 05:50.73 | Mem: 3461M | Sample 65/256
03:47:01.331  render           | Fra: 25 | Remaining: 05:24.14 | Mem: 3461M | Sample 80/256
03:47:30.521  render           | Fra: 25 | Remaining: 04:54.21 | Mem: 3461M | Sample 96/256
03:47:59.786  render           | Fra: 25 | Remaining: 04:24.59 | Mem: 3461M | Sample 112/256
03:48:28.819  render           | Fra: 25 | Remaining: 03:54.82 | Mem: 3461M | Sample 128/256
03:48:58.309  render           | Fra: 25 | Remaining: 03:25.57 | Mem: 3461M | Sample 144/256
03:49:27.644  render           | Fra: 25 | Remaining: 02:56.19 | Mem: 3461M | Sample 160/256
03:49:59.012  render           | Fra: 25 | Remaining: 02:27.73 | Mem: 3461M | Sample 176/256
03:50:29.352  render           | Fra: 25 | Remaining: 01:58.45 | Mem: 3461M | Sample 192/256
03:50:59.837  render           | Fra: 25 | Remaining: 01:29.04 | Mem: 3461M | Sample 208/256
03:51:30.223  render           | Fra: 25 | Remaining: 00:59.46 | Mem: 3461M | Sample 224/256
03:52:00.538  render           | Fra: 25 | Remaining: 00:29.76 | Mem: 3461M | Sample 240/256
03:52:30.955  render           | Fra: 25 | Mem: 3461M | Sample 256/256
03:52:30.955  render           | Fra: 25 | Mem: 3461M | Finished
03:52:31.068  render           | Saved: '/Users/kacpermioduszewski/mioduszewsky-com/assets/logo3d/frames_dal/f_0025.png'
03:52:31.068  render           | Time: 08:00.58 (Saving: 00:00.05)
03:52:31.068  render           | Rendering frame 26
03:52:31.071  render           | Start rendering: Scene, ViewLayer
03:52:31.071  render           | Engine: Cycles
03:52:32.220  render           | Fra: 26 | Mem: 0M | Synchronizing object | L_0_m
03:52:32.220  render           | Fra: 26 | Mem: 0M | Synchronizing object | L_1_i
03:52:32.221  render           | Fra: 26 | Mem: 0M | Synchronizing object | L_2_o
03:52:32.221  render           | Fra: 26 | Mem: 0M | Synchronizing object | L_3_d
03:52:32.221  render           | Fra: 26 | Mem: 0M | Synchronizing object | L_2_o
03:52:32.221  render           | Fra: 26 | Mem: 0M | Synchronizing object | L_3_d
03:52:32.221  render           | Fra: 26 | Mem: 0M | Synchronizing object | L_4_u
03:52:32.222  render           | Fra: 26 | Mem: 0M | Synchronizing object | L_5_s
03:52:32.222  render           | Fra: 26 | Mem: 0M | Synchronizing object | L_4_u
03:52:32.222  render           | Fra: 26 | Mem: 0M | Synchronizing object | L_6_z
03:52:32.222  render           | Fra: 26 | Mem: 0M | Synchronizing object | L_5_s
03:52:32.222  render           | Fra: 26 | Mem: 0M | Synchronizing object | L_7_e
03:52:32.222  render           | Fra: 26 | Mem: 0M | Synchronizing object | L_6_z
03:52:32.223  render           | Fra: 26 | Mem: 0M | Synchronizing object | L_8_w
03:52:32.223  render           | Fra: 26 | Mem: 0M | Synchronizing object | L_7_e
03:52:32.224  render           | Fra: 26 | Mem: 0M | Synchronizing object | L_9_s
03:52:32.224  render           | Fra: 26 | Mem: 0M | Synchronizing object | L_10_k
03:52:32.225  render           | Fra: 26 | Mem: 0M | Synchronizing object | L_11_y
03:52:32.225  render           | Fra: 26 | Mem: 0M | Synchronizing object | rim_r
03:52:32.225  render           | Fra: 26 | Mem: 0M | Synchronizing object | rim_l
03:52:32.225  render           | Fra: 26 | Mem: 0M | Synchronizing object | fill
03:52:32.225  render           | Fra: 26 | Mem: 0M | Synchronizing object | key
03:52:32.225  render           | Fra: 26 | Mem: 0M | Synchronizing object | L_11_y
03:52:32.233  render           | Fra: 26 | Mem: 0M | Synchronizing object | L_8_w
03:52:32.266  render           | Fra: 26 | Mem: 0M | Synchronizing object | L_9_s
03:52:32.315  render           | Fra: 26 | Mem: 0M | Synchronizing object | L_10_k
03:52:32.403  render           | Fra: 26 | Mem: 0M | Initializing
03:52:32.404  render           | Fra: 26 | Mem: 0M | Waiting for render to start
03:52:32.404  render           | Fra: 26 | Mem: 0M | Updating Scene
03:52:32.404  render           | Fra: 26 | Mem: 0M | Updating Shaders
03:52:32.404  render           | Fra: 26 | Mem: 0M | Loading render kernels (may take a few minutes the first time)
03:52:32.405  render           | Fra: 26 | Mem: 1M | Updating Procedurals
03:52:32.405  render           | Fra: 26 | Mem: 1M | Updating Background
03:52:32.405  render           | Fra: 26 | Mem: 1M | Updating Camera
03:52:32.405  render           | Fra: 26 | Mem: 1M | Updating Meshes Flags
03:52:32.405  render           | Fra: 26 | Mem: 1M | Updating Objects
03:52:32.405  render           | Fra: 26 | Mem: 1M | Updating Objects | Copying Transformations to device
03:52:32.405  render           | Fra: 26 | Mem: 1M | Updating Particle Systems
03:52:32.405  render           | Fra: 26 | Mem: 1M | Updating Particle Systems | Copying Particles to device
03:52:32.405  render           | Fra: 26 | Mem: 1M | Updating Meshes
03:52:32.405  render           | Fra: 26 | Mem: 1M | Updating Objects | Applying Static Transformations
03:52:32.444  render           | Fra: 26 | Mem: 1M | Updating Mesh | Computing attributes
03:52:32.468  render           | Fra: 26 | Mem: 1M | Updating Mesh | Copying Attributes to device
03:52:32.539  render           | Fra: 26 | Mem: 105M | Updating Scene BVH | Building
03:52:32.539  render           | Fra: 26 | Mem: 105M | Updating Scene BVH | Building BVH
03:52:32.603  render           | Fra: 26 | Mem: 1198M | Updating Scene BVH | Building BVH 0%
03:52:32.853  render           | Fra: 26 | Mem: 1241M | Updating Scene BVH | Building BVH 3%
03:52:33.104  render           | Fra: 26 | Mem: 1499M | Updating Scene BVH | Building BVH 18%
03:52:33.354  render           | Fra: 26 | Mem: 1739M | Updating Scene BVH | Building BVH 32%
03:52:33.604  render           | Fra: 26 | Mem: 1967M | Updating Scene BVH | Building BVH 46%
03:52:33.854  render           | Fra: 26 | Mem: 2201M | Updating Scene BVH | Building BVH 60%
03:52:34.104  render           | Fra: 26 | Mem: 2433M | Updating Scene BVH | Building BVH 73%
03:52:34.354  render           | Fra: 26 | Mem: 2619M | Updating Scene BVH | Building BVH 84%
03:52:34.605  render           | Fra: 26 | Mem: 2831M | Updating Scene BVH | Building BVH 96%
03:52:34.703  render           | Fra: 26 | Mem: 2903M | Updating Scene BVH | Copying BVH to device
03:52:34.703  render           | Fra: 26 | Mem: 2903M | Updating Mesh | Computing normals
03:52:34.704  render           | Fra: 26 | Mem: 2903M | Updating Mesh | Copying Mesh to device
03:52:34.704  render           | Fra: 26 | Mem: 2906M | Updating Mesh | Copying Curves to device
03:52:34.838  render           | Fra: 26 | Mem: 3420M | Updating Objects Flags
03:52:34.838  render           | Fra: 26 | Mem: 3420M | Updating Primitive Offsets
03:52:34.838  render           | Fra: 26 | Mem: 3420M | Updating Images
03:52:34.838  render           | Fra: 26 | Mem: 3420M | Updating Volume
03:52:34.838  render           | Fra: 26 | Mem: 3420M | Updating Camera Volume
03:52:34.838  render           | Fra: 26 | Mem: 3420M | Updating Lookup Tables
03:52:34.838  render           | Fra: 26 | Mem: 3420M | Updating Lights
03:52:34.838  render           | Fra: 26 | Mem: 3420M | Updating Lights | Computing tree
03:52:34.838  render           | Fra: 26 | Mem: 3420M | Updating Integrator
03:52:34.838  render           | Fra: 26 | Mem: 3421M | Updating Film
03:52:34.838  render           | Fra: 26 | Mem: 3421M | Updating Lookup Tables
03:52:34.838  render           | Fra: 26 | Mem: 3421M | Updating Baking
03:52:34.838  render           | Fra: 26 | Mem: 3421M | Updating Device | Writing constant memory
03:52:34.838  render           | Fra: 26 | Mem: 3421M | Sample 0/256
03:52:36.974  render           | Fra: 26 | Remaining: 09:04.65 | Mem: 3457M | Sample 1/256
03:53:07.963  render           | Fra: 26 | Remaining: 07:45.68 | Mem: 3457M | Sample 17/256
03:53:39.181  render           | Fra: 26 | Remaining: 07:14.79 | Mem: 3457M | Sample 33/256
03:54:09.920  render           | Fra: 26 | Remaining: 06:41.67 | Mem: 3457M | Sample 49/256
03:54:40.664  render           | Fra: 26 | Remaining: 06:09.73 | Mem: 3457M | Sample 65/256
03:55:09.319  render           | Fra: 26 | Remaining: 05:39.85 | Mem: 3457M | Sample 80/256
03:55:40.176  render           | Fra: 26 | Remaining: 05:08.89 | Mem: 3457M | Sample 96/256
03:56:11.502  render           | Fra: 26 | Remaining: 04:38.56 | Mem: 3457M | Sample 112/256
03:56:41.363  render           | Fra: 26 | Remaining: 04:06.52 | Mem: 3457M | Sample 128/256
03:57:11.134  render           | Fra: 26 | Remaining: 03:34.89 | Mem: 3457M | Sample 144/256
03:57:40.755  render           | Fra: 26 | Remaining: 03:03.54 | Mem: 3457M | Sample 160/256
03:58:10.546  render           | Fra: 26 | Remaining: 02:32.59 | Mem: 3457M | Sample 176/256
03:58:40.203  render           | Fra: 26 | Remaining: 02:01.78 | Mem: 3457M | Sample 192/256
03:59:10.077  render           | Fra: 26 | Remaining: 01:31.20 | Mem: 3457M | Sample 208/256
03:59:39.766  render           | Fra: 26 | Remaining: 01:00.70 | Mem: 3457M | Sample 224/256
04:00:09.628  render           | Fra: 26 | Remaining: 00:30.31 | Mem: 3457M | Sample 240/256
04:00:39.704  render           | Fra: 26 | Mem: 3457M | Sample 256/256
04:00:39.704  render           | Fra: 26 | Mem: 3457M | Finished
04:00:39.813  render           | Saved: '/Users/kacpermioduszewski/mioduszewsky-com/assets/logo3d/frames_dal/f_0026.png'
04:00:39.813  render           | Time: 08:08.74 (Saving: 00:00.05)
04:00:39.813  render           | Rendering frame 27
04:00:39.816  render           | Start rendering: Scene, ViewLayer
04:00:39.816  render           | Engine: Cycles
04:00:40.973  render           | Fra: 27 | Mem: 0M | Synchronizing object | L_0_m
04:00:40.973  render           | Fra: 27 | Mem: 0M | Synchronizing object | L_1_i
04:00:40.973  render           | Fra: 27 | Mem: 0M | Synchronizing object | L_0_m
04:00:40.974  render           | Fra: 27 | Mem: 0M | Synchronizing object | L_2_o
04:00:40.974  render           | Fra: 27 | Mem: 0M | Synchronizing object | L_1_i
04:00:40.974  render           | Fra: 27 | Mem: 0M | Synchronizing object | L_2_o
04:00:40.974  render           | Fra: 27 | Mem: 0M | Synchronizing object | L_3_d
04:00:40.974  render           | Fra: 27 | Mem: 0M | Synchronizing object | L_4_u
04:00:40.975  render           | Fra: 27 | Mem: 0M | Synchronizing object | L_5_s
04:00:40.975  render           | Fra: 27 | Mem: 0M | Synchronizing object | L_6_z
04:00:40.976  render           | Fra: 27 | Mem: 0M | Synchronizing object | L_7_e
04:00:40.976  render           | Fra: 27 | Mem: 0M | Synchronizing object | L_8_w
04:00:40.977  render           | Fra: 27 | Mem: 0M | Synchronizing object | L_9_s
04:00:40.977  render           | Fra: 27 | Mem: 0M | Synchronizing object | L_8_w
04:00:40.978  render           | Fra: 27 | Mem: 0M | Synchronizing object | L_10_k
04:00:40.978  render           | Fra: 27 | Mem: 0M | Synchronizing object | L_11_y
04:00:40.979  render           | Fra: 27 | Mem: 0M | Synchronizing object | rim_r
04:00:40.979  render           | Fra: 27 | Mem: 0M | Synchronizing object | rim_l
04:00:40.979  render           | Fra: 27 | Mem: 0M | Synchronizing object | fill
04:00:40.979  render           | Fra: 27 | Mem: 0M | Synchronizing object | key
04:00:40.979  render           | Fra: 27 | Mem: 0M | Synchronizing object | L_11_y
04:00:41.024  render           | Fra: 27 | Mem: 0M | Synchronizing object | L_9_s
04:00:41.060  render           | Fra: 27 | Mem: 0M | Synchronizing object | L_10_k
04:00:41.147  render           | Fra: 27 | Mem: 0M | Initializing
04:00:41.148  render           | Fra: 27 | Mem: 0M | Waiting for render to start
04:00:41.148  render           | Fra: 27 | Mem: 0M | Updating Scene
04:00:41.148  render           | Fra: 27 | Mem: 0M | Updating Shaders
04:00:41.148  render           | Fra: 27 | Mem: 0M | Loading render kernels (may take a few minutes the first time)
04:00:41.148  render           | Fra: 27 | Mem: 1M | Updating Procedurals
04:00:41.148  render           | Fra: 27 | Mem: 1M | Updating Background
04:00:41.148  render           | Fra: 27 | Mem: 1M | Updating Camera
04:00:41.148  render           | Fra: 27 | Mem: 1M | Updating Meshes Flags
04:00:41.148  render           | Fra: 27 | Mem: 1M | Updating Objects
04:00:41.148  render           | Fra: 27 | Mem: 1M | Updating Objects | Copying Transformations to device
04:00:41.148  render           | Fra: 27 | Mem: 1M | Updating Particle Systems
04:00:41.148  render           | Fra: 27 | Mem: 1M | Updating Particle Systems | Copying Particles to device
04:00:41.148  render           | Fra: 27 | Mem: 1M | Updating Meshes
04:00:41.148  render           | Fra: 27 | Mem: 1M | Updating Objects | Applying Static Transformations
04:00:41.186  render           | Fra: 27 | Mem: 1M | Updating Mesh | Computing attributes
04:00:41.208  render           | Fra: 27 | Mem: 1M | Updating Mesh | Copying Attributes to device
04:00:41.277  render           | Fra: 27 | Mem: 105M | Updating Scene BVH | Building
04:00:41.277  render           | Fra: 27 | Mem: 105M | Updating Scene BVH | Building BVH
04:00:41.331  render           | Fra: 27 | Mem: 1198M | Updating Scene BVH | Building BVH 0%
04:00:41.581  render           | Fra: 27 | Mem: 1271M | Updating Scene BVH | Building BVH 4%
04:00:41.831  render           | Fra: 27 | Mem: 1521M | Updating Scene BVH | Building BVH 19%
04:00:42.081  render           | Fra: 27 | Mem: 1771M | Updating Scene BVH | Building BVH 34%
04:00:42.332  render           | Fra: 27 | Mem: 2017M | Updating Scene BVH | Building BVH 48%
04:00:42.582  render           | Fra: 27 | Mem: 2243M | Updating Scene BVH | Building BVH 61%
04:00:42.832  render           | Fra: 27 | Mem: 2477M | Updating Scene BVH | Building BVH 75%
04:00:43.082  render           | Fra: 27 | Mem: 2631M | Updating Scene BVH | Building BVH 84%
04:00:43.334  render           | Fra: 27 | Mem: 2843M | Updating Scene BVH | Building BVH 96%
04:00:43.406  render           | Fra: 27 | Mem: 2907M | Updating Scene BVH | Copying BVH to device
04:00:43.406  render           | Fra: 27 | Mem: 2907M | Updating Mesh | Computing normals
04:00:43.406  render           | Fra: 27 | Mem: 2907M | Updating Mesh | Copying Mesh to device
04:00:43.406  render           | Fra: 27 | Mem: 2910M | Updating Mesh | Copying Curves to device
04:00:43.477  render           | Fra: 27 | Mem: 3424M | Updating Objects Flags
04:00:43.477  render           | Fra: 27 | Mem: 3424M | Updating Primitive Offsets
04:00:43.477  render           | Fra: 27 | Mem: 3424M | Updating Images
04:00:43.477  render           | Fra: 27 | Mem: 3424M | Updating Volume
04:00:43.477  render           | Fra: 27 | Mem: 3424M | Updating Camera Volume
04:00:43.477  render           | Fra: 27 | Mem: 3424M | Updating Lookup Tables
04:00:43.477  render           | Fra: 27 | Mem: 3424M | Updating Lights
04:00:43.477  render           | Fra: 27 | Mem: 3424M | Updating Lights | Computing tree
04:00:43.477  render           | Fra: 27 | Mem: 3424M | Updating Integrator
04:00:43.478  render           | Fra: 27 | Mem: 3425M | Updating Film
04:00:43.478  render           | Fra: 27 | Mem: 3425M | Updating Lookup Tables
04:00:43.478  render           | Fra: 27 | Mem: 3425M | Updating Baking
04:00:43.478  render           | Fra: 27 | Mem: 3425M | Updating Device | Writing constant memory
04:00:43.478  render           | Fra: 27 | Mem: 3425M | Sample 0/256
04:00:45.633  render           | Fra: 27 | Remaining: 09:09.66 | Mem: 3461M | Sample 1/256
04:01:17.469  render           | Fra: 27 | Remaining: 07:57.87 | Mem: 3461M | Sample 17/256
04:01:48.390  render           | Fra: 27 | Remaining: 07:18.64 | Mem: 3461M | Sample 33/256
04:02:18.820  render           | Fra: 27 | Remaining: 06:42.77 | Mem: 3461M | Sample 49/256
04:02:49.180  render           | Fra: 27 | Remaining: 06:09.36 | Mem: 3461M | Sample 65/256
04:03:17.649  render           | Fra: 27 | Remaining: 05:39.17 | Mem: 3461M | Sample 80/256
04:03:47.614  render           | Fra: 27 | Remaining: 05:06.89 | Mem: 3461M | Sample 96/256
04:04:17.658  render           | Fra: 27 | Remaining: 04:35.37 | Mem: 3461M | Sample 112/256
04:04:47.521  render           | Fra: 27 | Remaining: 04:04.04 | Mem: 3461M | Sample 128/256
04:05:17.253  render           | Fra: 27 | Remaining: 03:32.93 | Mem: 3461M | Sample 144/256
04:05:47.133  render           | Fra: 27 | Remaining: 03:02.19 | Mem: 3461M | Sample 160/256
04:06:17.090  render           | Fra: 27 | Remaining: 02:31.64 | Mem: 3461M | Sample 176/256
04:06:47.342  render           | Fra: 27 | Remaining: 02:01.28 | Mem: 3461M | Sample 192/256
04:07:17.296  render           | Fra: 27 | Remaining: 01:30.88 | Mem: 3461M | Sample 208/256
04:07:47.279  render           | Fra: 27 | Remaining: 01:00.54 | Mem: 3461M | Sample 224/256
04:08:17.330  render           | Fra: 27 | Remaining: 00:30.25 | Mem: 3461M | Sample 240/256
04:08:47.675  render           | Fra: 27 | Mem: 3461M | Sample 256/256
04:08:47.675  render           | Fra: 27 | Mem: 3461M | Finished
04:08:47.786  render           | Saved: '/Users/kacpermioduszewski/mioduszewsky-com/assets/logo3d/frames_dal/f_0027.png'
04:08:47.786  render           | Time: 08:07.97 (Saving: 00:00.06)
04:08:47.786  render           | Rendering frame 28
04:08:47.789  render           | Start rendering: Scene, ViewLayer
04:08:47.789  render           | Engine: Cycles
04:08:48.972  render           | Fra: 28 | Mem: 0M | Synchronizing object | L_0_m
04:08:48.973  render           | Fra: 28 | Mem: 0M | Synchronizing object | L_1_i
04:08:48.973  render           | Fra: 28 | Mem: 0M | Synchronizing object | L_0_m
04:08:48.973  render           | Fra: 28 | Mem: 0M | Synchronizing object | L_2_o
04:08:48.973  render           | Fra: 28 | Mem: 0M | Synchronizing object | L_1_i
04:08:48.973  render           | Fra: 28 | Mem: 0M | Synchronizing object | L_2_o
04:08:48.973  render           | Fra: 28 | Mem: 0M | Synchronizing object | L_3_d
04:08:48.974  render           | Fra: 28 | Mem: 0M | Synchronizing object | L_4_u
04:08:48.974  render           | Fra: 28 | Mem: 0M | Synchronizing object | L_3_d
04:08:48.974  render           | Fra: 28 | Mem: 0M | Synchronizing object | L_5_s
04:08:48.974  render           | Fra: 28 | Mem: 0M | Synchronizing object | L_4_u
04:08:48.974  render           | Fra: 28 | Mem: 0M | Synchronizing object | L_6_z
04:08:48.974  render           | Fra: 28 | Mem: 0M | Synchronizing object | L_5_s
04:08:48.975  render           | Fra: 28 | Mem: 0M | Synchronizing object | L_6_z
04:08:48.975  render           | Fra: 28 | Mem: 0M | Synchronizing object | L_7_e
04:08:48.975  render           | Fra: 28 | Mem: 0M | Synchronizing object | L_8_w
04:08:48.976  render           | Fra: 28 | Mem: 0M | Synchronizing object | L_9_s
04:08:48.976  render           | Fra: 28 | Mem: 0M | Synchronizing object | L_8_w
04:08:48.977  render           | Fra: 28 | Mem: 0M | Synchronizing object | L_10_k
04:08:48.978  render           | Fra: 28 | Mem: 0M | Synchronizing object | L_11_y
04:08:48.978  render           | Fra: 28 | Mem: 0M | Synchronizing object | rim_r
04:08:48.978  render           | Fra: 28 | Mem: 0M | Synchronizing object | rim_l
04:08:48.978  render           | Fra: 28 | Mem: 0M | Synchronizing object | fill
04:08:48.978  render           | Fra: 28 | Mem: 0M | Synchronizing object | key
04:08:48.978  render           | Fra: 28 | Mem: 0M | Synchronizing object | L_11_y
04:08:49.021  render           | Fra: 28 | Mem: 0M | Synchronizing object | L_9_s
04:08:49.065  render           | Fra: 28 | Mem: 0M | Synchronizing object | L_10_k
04:08:49.153  render           | Fra: 28 | Mem: 0M | Initializing
04:08:49.154  render           | Fra: 28 | Mem: 0M | Waiting for render to start
04:08:49.154  render           | Fra: 28 | Mem: 0M | Updating Scene
04:08:49.155  render           | Fra: 28 | Mem: 0M | Updating Shaders
04:08:49.155  render           | Fra: 28 | Mem: 0M | Loading render kernels (may take a few minutes the first time)
04:08:49.155  render           | Fra: 28 | Mem: 1M | Updating Procedurals
04:08:49.155  render           | Fra: 28 | Mem: 1M | Updating Background
04:08:49.155  render           | Fra: 28 | Mem: 1M | Updating Camera
04:08:49.155  render           | Fra: 28 | Mem: 1M | Updating Meshes Flags
04:08:49.155  render           | Fra: 28 | Mem: 1M | Updating Objects
04:08:49.155  render           | Fra: 28 | Mem: 1M | Updating Objects | Copying Transformations to device
04:08:49.155  render           | Fra: 28 | Mem: 1M | Updating Particle Systems
04:08:49.155  render           | Fra: 28 | Mem: 1M | Updating Particle Systems | Copying Particles to device
04:08:49.155  render           | Fra: 28 | Mem: 1M | Updating Meshes
04:08:49.155  render           | Fra: 28 | Mem: 1M | Updating Objects | Applying Static Transformations
04:08:49.192  render           | Fra: 28 | Mem: 1M | Updating Mesh | Computing attributes
04:08:49.213  render           | Fra: 28 | Mem: 1M | Updating Mesh | Copying Attributes to device
04:08:49.282  render           | Fra: 28 | Mem: 105M | Updating Scene BVH | Building
04:08:49.282  render           | Fra: 28 | Mem: 105M | Updating Scene BVH | Building BVH
04:08:49.336  render           | Fra: 28 | Mem: 1198M | Updating Scene BVH | Building BVH 0%
04:08:49.586  render           | Fra: 28 | Mem: 1253M | Updating Scene BVH | Building BVH 3%
04:08:49.837  render           | Fra: 28 | Mem: 1509M | Updating Scene BVH | Building BVH 18%
04:08:50.087  render           | Fra: 28 | Mem: 1753M | Updating Scene BVH | Building BVH 33%
04:08:50.337  render           | Fra: 28 | Mem: 1989M | Updating Scene BVH | Building BVH 47%
04:08:50.587  render           | Fra: 28 | Mem: 2241M | Updating Scene BVH | Building BVH 62%
04:08:50.837  render           | Fra: 28 | Mem: 2471M | Updating Scene BVH | Building BVH 75%
04:08:51.087  render           | Fra: 28 | Mem: 2675M | Updating Scene BVH | Building BVH 87%
04:08:51.342  render           | Fra: 28 | Mem: 2841M | Updating Scene BVH | Building BVH 96%
04:08:51.426  render           | Fra: 28 | Mem: 2909M | Updating Scene BVH | Copying BVH to device
04:08:51.426  render           | Fra: 28 | Mem: 2909M | Updating Mesh | Computing normals
04:08:51.427  render           | Fra: 28 | Mem: 2909M | Updating Mesh | Copying Mesh to device
04:08:51.427  render           | Fra: 28 | Mem: 2912M | Updating Mesh | Copying Curves to device
04:08:51.497  render           | Fra: 28 | Mem: 3426M | Updating Objects Flags
04:08:51.497  render           | Fra: 28 | Mem: 3426M | Updating Primitive Offsets
04:08:51.497  render           | Fra: 28 | Mem: 3426M | Updating Images
04:08:51.497  render           | Fra: 28 | Mem: 3426M | Updating Volume
04:08:51.497  render           | Fra: 28 | Mem: 3426M | Updating Camera Volume
04:08:51.497  render           | Fra: 28 | Mem: 3426M | Updating Lookup Tables
04:08:51.497  render           | Fra: 28 | Mem: 3426M | Updating Lights
04:08:51.497  render           | Fra: 28 | Mem: 3426M | Updating Lights | Computing tree
04:08:51.497  render           | Fra: 28 | Mem: 3426M | Updating Integrator
04:08:51.497  render           | Fra: 28 | Mem: 3427M | Updating Film
04:08:51.498  render           | Fra: 28 | Mem: 3427M | Updating Lookup Tables
04:08:51.498  render           | Fra: 28 | Mem: 3427M | Updating Baking
04:08:51.498  render           | Fra: 28 | Mem: 3427M | Updating Device | Writing constant memory
04:08:51.498  render           | Fra: 28 | Mem: 3427M | Sample 0/256
04:08:53.640  render           | Fra: 28 | Remaining: 09:06.19 | Mem: 3463M | Sample 1/256
04:09:24.343  render           | Fra: 28 | Remaining: 07:41.76 | Mem: 3463M | Sample 17/256
04:09:55.009  render           | Fra: 28 | Remaining: 07:09.18 | Mem: 3463M | Sample 33/256
04:10:25.524  render           | Fra: 28 | Remaining: 06:37.21 | Mem: 3463M | Sample 49/256
04:10:55.990  render           | Fra: 28 | Remaining: 06:05.81 | Mem: 3463M | Sample 65/256
04:11:24.500  render           | Fra: 28 | Remaining: 05:36.60 | Mem: 3463M | Sample 80/256
04:11:54.679  render           | Fra: 28 | Remaining: 05:05.30 | Mem: 3463M | Sample 96/256
04:12:25.052  render           | Fra: 28 | Remaining: 04:34.57 | Mem: 3463M | Sample 112/256
04:12:55.375  render           | Fra: 28 | Remaining: 04:03.87 | Mem: 3463M | Sample 128/256
04:13:26.018  render           | Fra: 28 | Remaining: 03:33.51 | Mem: 3463M | Sample 144/256
04:13:56.069  render           | Fra: 28 | Remaining: 03:02.74 | Mem: 3463M | Sample 160/256
04:14:26.059  render           | Fra: 28 | Remaining: 02:32.07 | Mem: 3463M | Sample 176/256
04:14:56.527  render           | Fra: 28 | Remaining: 02:01.67 | Mem: 3463M | Sample 192/256
04:15:26.844  render           | Fra: 28 | Remaining: 01:31.23 | Mem: 3463M | Sample 208/256
04:15:58.003  render           | Fra: 28 | Remaining: 01:00.92 | Mem: 3463M | Sample 224/256
04:16:29.041  render           | Fra: 28 | Remaining: 00:30.50 | Mem: 3463M | Sample 240/256
04:16:59.782  render           | Fra: 28 | Mem: 3463M | Sample 256/256
04:16:59.782  render           | Fra: 28 | Mem: 3463M | Finished
04:16:59.895  render           | Saved: '/Users/kacpermioduszewski/mioduszewsky-com/assets/logo3d/frames_dal/f_0028.png'
04:16:59.895  render           | Time: 08:12.10 (Saving: 00:00.05)
04:16:59.895  render           | Rendering frame 29
04:16:59.898  render           | Start rendering: Scene, ViewLayer
04:16:59.898  render           | Engine: Cycles
04:17:01.085  render           | Fra: 29 | Mem: 0M | Synchronizing object | L_0_m
04:17:01.085  render           | Fra: 29 | Mem: 0M | Synchronizing object | L_1_i
04:17:01.085  render           | Fra: 29 | Mem: 0M | Synchronizing object | L_0_m
04:17:01.085  render           | Fra: 29 | Mem: 0M | Synchronizing object | L_2_o
04:17:01.085  render           | Fra: 29 | Mem: 0M | Synchronizing object | L_1_i
04:17:01.085  render           | Fra: 29 | Mem: 0M | Synchronizing object | L_2_o
04:17:01.086  render           | Fra: 29 | Mem: 0M | Synchronizing object | L_3_d
04:17:01.086  render           | Fra: 29 | Mem: 0M | Synchronizing object | L_4_u
04:17:01.086  render           | Fra: 29 | Mem: 0M | Synchronizing object | L_3_d
04:17:01.086  render           | Fra: 29 | Mem: 0M | Synchronizing object | L_4_u
04:17:01.086  render           | Fra: 29 | Mem: 0M | Synchronizing object | L_5_s
04:17:01.087  render           | Fra: 29 | Mem: 0M | Synchronizing object | L_6_z
04:17:01.087  render           | Fra: 29 | Mem: 0M | Synchronizing object | L_7_e
04:17:01.087  render           | Fra: 29 | Mem: 0M | Synchronizing object | L_8_w
04:17:01.088  render           | Fra: 29 | Mem: 0M | Synchronizing object | L_9_s
04:17:01.088  render           | Fra: 29 | Mem: 0M | Synchronizing object | L_8_w
04:17:01.088  render           | Fra: 29 | Mem: 0M | Synchronizing object | L_10_k
04:17:01.089  render           | Fra: 29 | Mem: 0M | Synchronizing object | L_11_y
04:17:01.090  render           | Fra: 29 | Mem: 0M | Synchronizing object | rim_r
04:17:01.090  render           | Fra: 29 | Mem: 0M | Synchronizing object | rim_l
04:17:01.090  render           | Fra: 29 | Mem: 0M | Synchronizing object | fill
04:17:01.090  render           | Fra: 29 | Mem: 0M | Synchronizing object | key
04:17:01.090  render           | Fra: 29 | Mem: 0M | Synchronizing object | L_11_y
04:17:01.136  render           | Fra: 29 | Mem: 0M | Synchronizing object | L_9_s
04:17:01.178  render           | Fra: 29 | Mem: 0M | Synchronizing object | L_10_k
04:17:01.269  render           | Fra: 29 | Mem: 0M | Initializing
04:17:01.271  render           | Fra: 29 | Mem: 0M | Waiting for render to start
04:17:01.271  render           | Fra: 29 | Mem: 0M | Updating Scene
04:17:01.271  render           | Fra: 29 | Mem: 0M | Updating Shaders
04:17:01.271  render           | Fra: 29 | Mem: 0M | Loading render kernels (may take a few minutes the first time)
04:17:01.271  render           | Fra: 29 | Mem: 1M | Updating Procedurals
04:17:01.271  render           | Fra: 29 | Mem: 1M | Updating Background
04:17:01.271  render           | Fra: 29 | Mem: 1M | Updating Camera
04:17:01.271  render           | Fra: 29 | Mem: 1M | Updating Meshes Flags
04:17:01.271  render           | Fra: 29 | Mem: 1M | Updating Objects
04:17:01.271  render           | Fra: 29 | Mem: 1M | Updating Objects | Copying Transformations to device
04:17:01.271  render           | Fra: 29 | Mem: 1M | Updating Particle Systems
04:17:01.271  render           | Fra: 29 | Mem: 1M | Updating Particle Systems | Copying Particles to device
04:17:01.271  render           | Fra: 29 | Mem: 1M | Updating Meshes
04:17:01.271  render           | Fra: 29 | Mem: 1M | Updating Objects | Applying Static Transformations
04:17:01.308  render           | Fra: 29 | Mem: 1M | Updating Mesh | Computing attributes
04:17:01.330  render           | Fra: 29 | Mem: 1M | Updating Mesh | Copying Attributes to device
04:17:01.399  render           | Fra: 29 | Mem: 105M | Updating Scene BVH | Building
04:17:01.399  render           | Fra: 29 | Mem: 105M | Updating Scene BVH | Building BVH
04:17:01.454  render           | Fra: 29 | Mem: 1198M | Updating Scene BVH | Building BVH 0%
04:17:01.704  render           | Fra: 29 | Mem: 1261M | Updating Scene BVH | Building BVH 4%
04:17:01.954  render           | Fra: 29 | Mem: 1509M | Updating Scene BVH | Building BVH 19%
04:17:02.204  render           | Fra: 29 | Mem: 1759M | Updating Scene BVH | Building BVH 33%
04:17:02.454  render           | Fra: 29 | Mem: 1995M | Updating Scene BVH | Building BVH 47%
04:17:02.704  render           | Fra: 29 | Mem: 2223M | Updating Scene BVH | Building BVH 61%
04:17:02.955  render           | Fra: 29 | Mem: 2469M | Updating Scene BVH | Building BVH 75%
04:17:03.267  render           | Fra: 29 | Mem: 2645M | Updating Scene BVH | Building BVH 85%
04:17:03.518  render           | Fra: 29 | Mem: 2899M | Updating Scene BVH | Building BVH 99%
04:17:03.540  render           | Fra: 29 | Mem: 2905M | Updating Scene BVH | Copying BVH to device
04:17:03.540  render           | Fra: 29 | Mem: 2905M | Updating Mesh | Computing normals
04:17:03.541  render           | Fra: 29 | Mem: 2905M | Updating Mesh | Copying Mesh to device
04:17:03.541  render           | Fra: 29 | Mem: 2908M | Updating Mesh | Copying Curves to device
04:17:03.620  render           | Fra: 29 | Mem: 3422M | Updating Objects Flags
04:17:03.620  render           | Fra: 29 | Mem: 3422M | Updating Primitive Offsets
04:17:03.620  render           | Fra: 29 | Mem: 3422M | Updating Images
04:17:03.620  render           | Fra: 29 | Mem: 3422M | Updating Volume
04:17:03.620  render           | Fra: 29 | Mem: 3422M | Updating Camera Volume
04:17:03.620  render           | Fra: 29 | Mem: 3422M | Updating Lookup Tables
04:17:03.620  render           | Fra: 29 | Mem: 3422M | Updating Lights
04:17:03.620  render           | Fra: 29 | Mem: 3422M | Updating Lights | Computing tree
04:17:03.620  render           | Fra: 29 | Mem: 3422M | Updating Integrator
04:17:03.621  render           | Fra: 29 | Mem: 3423M | Updating Film
04:17:03.621  render           | Fra: 29 | Mem: 3423M | Updating Lookup Tables
04:17:03.621  render           | Fra: 29 | Mem: 3423M | Updating Baking
04:17:03.621  render           | Fra: 29 | Mem: 3423M | Updating Device | Writing constant memory
04:17:03.621  render           | Fra: 29 | Mem: 3423M | Sample 0/256
04:17:05.868  render           | Fra: 29 | Remaining: 09:33.15 | Mem: 3459M | Sample 1/256
04:17:37.908  render           | Fra: 29 | Remaining: 08:02.04 | Mem: 3459M | Sample 17/256
04:18:10.191  render           | Fra: 29 | Remaining: 07:29.85 | Mem: 3459M | Sample 33/256
04:18:42.011  render           | Fra: 29 | Remaining: 06:55.64 | Mem: 3459M | Sample 49/256
04:19:13.454  render           | Fra: 29 | Remaining: 06:21.50 | Mem: 3459M | Sample 65/256
04:19:42.882  render           | Fra: 29 | Remaining: 05:50.37 | Mem: 3459M | Sample 80/256
04:20:13.601  render           | Fra: 29 | Remaining: 05:16.63 | Mem: 3459M | Sample 96/256
04:20:44.328  render           | Fra: 29 | Remaining: 04:43.76 | Mem: 3459M | Sample 112/256
04:21:15.833  render           | Fra: 29 | Remaining: 04:12.21 | Mem: 3459M | Sample 128/256
04:21:47.123  render           | Fra: 29 | Remaining: 03:40.50 | Mem: 3459M | Sample 144/256
04:22:18.423  render           | Fra: 29 | Remaining: 03:08.88 | Mem: 3459M | Sample 160/256
04:22:49.678  render           | Fra: 29 | Remaining: 02:37.29 | Mem: 3459M | Sample 176/256
04:23:20.891  render           | Fra: 29 | Remaining: 02:05.75 | Mem: 3459M | Sample 192/256
04:23:52.156  render           | Fra: 29 | Remaining: 01:34.27 | Mem: 3459M | Sample 208/256
04:24:23.135  render           | Fra: 29 | Remaining: 01:02.78 | Mem: 3459M | Sample 224/256
04:24:54.054  render           | Fra: 29 | Remaining: 00:31.36 | Mem: 3459M | Sample 240/256
04:25:25.649  render           | Fra: 29 | Mem: 3459M | Sample 256/256
04:25:25.649  render           | Fra: 29 | Mem: 3459M | Finished
04:25:25.772  render           | Saved: '/Users/kacpermioduszewski/mioduszewsky-com/assets/logo3d/frames_dal/f_0029.png'
04:25:25.772  render           | Time: 08:25.87 (Saving: 00:00.06)
04:25:25.772  render           | Rendering frame 30
04:25:25.775  render           | Start rendering: Scene, ViewLayer
04:25:25.775  render           | Engine: Cycles
04:25:26.966  render           | Fra: 30 | Mem: 0M | Synchronizing object | L_0_m
04:25:26.967  render           | Fra: 30 | Mem: 0M | Synchronizing object | L_1_i
04:25:26.967  render           | Fra: 30 | Mem: 0M | Synchronizing object | L_0_m
04:25:26.967  render           | Fra: 30 | Mem: 0M | Synchronizing object | L_1_i
04:25:26.967  render           | Fra: 30 | Mem: 0M | Synchronizing object | L_2_o
04:25:26.967  render           | Fra: 30 | Mem: 0M | Synchronizing object | L_3_d
04:25:26.968  render           | Fra: 30 | Mem: 0M | Synchronizing object | L_4_u
04:25:26.968  render           | Fra: 30 | Mem: 0M | Synchronizing object | L_3_d
04:25:26.968  render           | Fra: 30 | Mem: 0M | Synchronizing object | L_5_s
04:25:26.968  render           | Fra: 30 | Mem: 0M | Synchronizing object | L_4_u
04:25:26.969  render           | Fra: 30 | Mem: 0M | Synchronizing object | L_5_s
04:25:26.969  render           | Fra: 30 | Mem: 0M | Synchronizing object | L_6_z
04:25:26.969  render           | Fra: 30 | Mem: 0M | Synchronizing object | L_7_e
04:25:26.970  render           | Fra: 30 | Mem: 0M | Synchronizing object | L_8_w
04:25:26.971  render           | Fra: 30 | Mem: 0M | Synchronizing object | L_9_s
04:25:26.971  render           | Fra: 30 | Mem: 0M | Synchronizing object | L_8_w
04:25:26.972  render           | Fra: 30 | Mem: 0M | Synchronizing object | L_10_k
04:25:26.973  render           | Fra: 30 | Mem: 0M | Synchronizing object | L_11_y
04:25:26.974  render           | Fra: 30 | Mem: 0M | Synchronizing object | rim_r
04:25:26.974  render           | Fra: 30 | Mem: 0M | Synchronizing object | rim_l
04:25:26.974  render           | Fra: 30 | Mem: 0M | Synchronizing object | fill
04:25:26.974  render           | Fra: 30 | Mem: 0M | Synchronizing object | key
04:25:26.974  render           | Fra: 30 | Mem: 0M | Synchronizing object | L_11_y
04:25:27.016  render           | Fra: 30 | Mem: 0M | Synchronizing object | L_9_s
04:25:27.063  render           | Fra: 30 | Mem: 0M | Synchronizing object | L_10_k
04:25:27.159  render           | Fra: 30 | Mem: 0M | Initializing
04:25:27.160  render           | Fra: 30 | Mem: 0M | Waiting for render to start
04:25:27.160  render           | Fra: 30 | Mem: 0M | Updating Scene
04:25:27.160  render           | Fra: 30 | Mem: 0M | Updating Shaders
04:25:27.161  render           | Fra: 30 | Mem: 0M | Loading render kernels (may take a few minutes the first time)
04:25:27.161  render           | Fra: 30 | Mem: 1M | Updating Procedurals
04:25:27.161  render           | Fra: 30 | Mem: 1M | Updating Background
04:25:27.161  render           | Fra: 30 | Mem: 1M | Updating Camera
04:25:27.161  render           | Fra: 30 | Mem: 1M | Updating Meshes Flags
04:25:27.161  render           | Fra: 30 | Mem: 1M | Updating Objects
04:25:27.161  render           | Fra: 30 | Mem: 1M | Updating Objects | Copying Transformations to device
04:25:27.161  render           | Fra: 30 | Mem: 1M | Updating Particle Systems
04:25:27.161  render           | Fra: 30 | Mem: 1M | Updating Particle Systems | Copying Particles to device
04:25:27.161  render           | Fra: 30 | Mem: 1M | Updating Meshes
04:25:27.161  render           | Fra: 30 | Mem: 1M | Updating Objects | Applying Static Transformations
04:25:27.199  render           | Fra: 30 | Mem: 1M | Updating Mesh | Computing attributes
04:25:27.219  render           | Fra: 30 | Mem: 1M | Updating Mesh | Copying Attributes to device
04:25:27.291  render           | Fra: 30 | Mem: 105M | Updating Scene BVH | Building
04:25:27.291  render           | Fra: 30 | Mem: 105M | Updating Scene BVH | Building BVH
04:25:27.350  render           | Fra: 30 | Mem: 1198M | Updating Scene BVH | Building BVH 0%
04:25:27.600  render           | Fra: 30 | Mem: 1255M | Updating Scene BVH | Building BVH 4%
04:25:27.851  render           | Fra: 30 | Mem: 1507M | Updating Scene BVH | Building BVH 18%
04:25:28.101  render           | Fra: 30 | Mem: 1753M | Updating Scene BVH | Building BVH 33%
04:25:28.351  render           | Fra: 30 | Mem: 1985M | Updating Scene BVH | Building BVH 47%
04:25:28.601  render           | Fra: 30 | Mem: 2235M | Updating Scene BVH | Building BVH 61%
04:25:28.852  render           | Fra: 30 | Mem: 2463M | Updating Scene BVH | Building BVH 74%
04:25:29.102  render           | Fra: 30 | Mem: 2699M | Updating Scene BVH | Building BVH 88%
04:25:29.355  render           | Fra: 30 | Mem: 2827M | Updating Scene BVH | Building BVH 95%
04:25:29.462  render           | Fra: 30 | Mem: 2905M | Updating Scene BVH | Copying BVH to device
04:25:29.462  render           | Fra: 30 | Mem: 2905M | Updating Mesh | Computing normals
04:25:29.462  render           | Fra: 30 | Mem: 2905M | Updating Mesh | Copying Mesh to device
04:25:29.462  render           | Fra: 30 | Mem: 2908M | Updating Mesh | Copying Curves to device
04:25:29.528  render           | Fra: 30 | Mem: 3422M | Updating Objects Flags
04:25:29.528  render           | Fra: 30 | Mem: 3422M | Updating Primitive Offsets
04:25:29.528  render           | Fra: 30 | Mem: 3422M | Updating Images
04:25:29.528  render           | Fra: 30 | Mem: 3422M | Updating Volume
04:25:29.528  render           | Fra: 30 | Mem: 3422M | Updating Camera Volume
04:25:29.528  render           | Fra: 30 | Mem: 3422M | Updating Lookup Tables
04:25:29.528  render           | Fra: 30 | Mem: 3422M | Updating Lights
04:25:29.528  render           | Fra: 30 | Mem: 3422M | Updating Lights | Computing tree
04:25:29.528  render           | Fra: 30 | Mem: 3422M | Updating Integrator
04:25:29.528  render           | Fra: 30 | Mem: 3423M | Updating Film
04:25:29.528  render           | Fra: 30 | Mem: 3423M | Updating Lookup Tables
04:25:29.528  render           | Fra: 30 | Mem: 3423M | Updating Baking
04:25:29.528  render           | Fra: 30 | Mem: 3423M | Updating Device | Writing constant memory
04:25:29.528  render           | Fra: 30 | Mem: 3423M | Sample 0/256
04:25:31.727  render           | Fra: 30 | Remaining: 09:20.71 | Mem: 3459M | Sample 1/256
04:26:03.390  render           | Fra: 30 | Remaining: 07:56.05 | Mem: 3459M | Sample 17/256
04:26:35.249  render           | Fra: 30 | Remaining: 07:24.11 | Mem: 3459M | Sample 33/256
04:27:06.812  render           | Fra: 30 | Remaining: 06:50.97 | Mem: 3459M | Sample 49/256
04:27:38.131  render           | Fra: 30 | Remaining: 06:17.89 | Mem: 3459M | Sample 65/256
04:28:07.313  render           | Fra: 30 | Remaining: 05:47.12 | Mem: 3459M | Sample 80/256
04:28:38.277  render           | Fra: 30 | Remaining: 05:14.58 | Mem: 3459M | Sample 96/256
04:29:09.146  render           | Fra: 30 | Remaining: 04:42.36 | Mem: 3459M | Sample 112/256
04:29:40.039  render           | Fra: 30 | Remaining: 04:10.51 | Mem: 3459M | Sample 128/256
04:30:11.023  render           | Fra: 30 | Remaining: 03:38.94 | Mem: 3459M | Sample 144/256
04:30:42.239  render           | Fra: 30 | Remaining: 03:07.62 | Mem: 3459M | Sample 160/256
04:31:13.310  render           | Fra: 30 | Remaining: 02:36.26 | Mem: 3459M | Sample 176/256
04:31:44.417  render           | Fra: 30 | Remaining: 02:04.96 | Mem: 3459M | Sample 192/256
04:32:15.555  render           | Fra: 30 | Remaining: 01:33.69 | Mem: 3459M | Sample 208/256
04:32:47.590  render           | Fra: 30 | Remaining: 01:02.58 | Mem: 3459M | Sample 224/256
04:33:18.704  render           | Fra: 30 | Remaining: 00:31.27 | Mem: 3459M | Sample 240/256
04:33:49.825  render           | Fra: 30 | Mem: 3459M | Sample 256/256
04:33:49.825  render           | Fra: 30 | Mem: 3459M | Finished
04:33:49.935  render           | Saved: '/Users/kacpermioduszewski/mioduszewsky-com/assets/logo3d/frames_dal/f_0030.png'
04:33:49.935  render           | Time: 08:24.16 (Saving: 00:00.05)
04:33:49.935  render           | Rendering frame 31
04:33:49.938  render           | Start rendering: Scene, ViewLayer
04:33:49.938  render           | Engine: Cycles
04:33:51.173  render           | Fra: 31 | Mem: 0M | Synchronizing object | L_0_m
04:33:51.174  render           | Fra: 31 | Mem: 0M | Synchronizing object | L_1_i
04:33:51.174  render           | Fra: 31 | Mem: 0M | Synchronizing object | L_0_m
04:33:51.174  render           | Fra: 31 | Mem: 0M | Synchronizing object | L_1_i
04:33:51.174  render           | Fra: 31 | Mem: 0M | Synchronizing object | L_2_o
04:33:51.174  render           | Fra: 31 | Mem: 0M | Synchronizing object | L_3_d
04:33:51.175  render           | Fra: 31 | Mem: 0M | Synchronizing object | L_4_u
04:33:51.175  render           | Fra: 31 | Mem: 0M | Synchronizing object | L_5_s
04:33:51.175  render           | Fra: 31 | Mem: 0M | Synchronizing object | L_6_z
04:33:51.176  render           | Fra: 31 | Mem: 0M | Synchronizing object | L_7_e
04:33:51.176  render           | Fra: 31 | Mem: 0M | Synchronizing object | L_8_w
04:33:51.178  render           | Fra: 31 | Mem: 0M | Synchronizing object | L_9_s
04:33:51.179  render           | Fra: 31 | Mem: 0M | Synchronizing object | L_10_k
04:33:51.179  render           | Fra: 31 | Mem: 0M | Synchronizing object | L_11_y
04:33:51.180  render           | Fra: 31 | Mem: 0M | Synchronizing object | rim_r
04:33:51.180  render           | Fra: 31 | Mem: 0M | Synchronizing object | rim_l
04:33:51.180  render           | Fra: 31 | Mem: 0M | Synchronizing object | fill
04:33:51.180  render           | Fra: 31 | Mem: 0M | Synchronizing object | key
04:33:51.180  render           | Fra: 31 | Mem: 0M | Synchronizing object | L_11_y
04:33:51.196  render           | Fra: 31 | Mem: 0M | Synchronizing object | L_8_w
04:33:51.222  render           | Fra: 31 | Mem: 0M | Synchronizing object | L_9_s
04:33:51.268  render           | Fra: 31 | Mem: 0M | Synchronizing object | L_10_k
04:33:51.359  render           | Fra: 31 | Mem: 0M | Initializing
04:33:51.360  render           | Fra: 31 | Mem: 0M | Waiting for render to start
04:33:51.360  render           | Fra: 31 | Mem: 0M | Updating Scene
04:33:51.360  render           | Fra: 31 | Mem: 0M | Updating Shaders
04:33:51.360  render           | Fra: 31 | Mem: 0M | Loading render kernels (may take a few minutes the first time)
04:33:51.360  render           | Fra: 31 | Mem: 1M | Updating Procedurals
04:33:51.360  render           | Fra: 31 | Mem: 1M | Updating Background
04:33:51.360  render           | Fra: 31 | Mem: 1M | Updating Camera
04:33:51.360  render           | Fra: 31 | Mem: 1M | Updating Meshes Flags
04:33:51.360  render           | Fra: 31 | Mem: 1M | Updating Objects
04:33:51.360  render           | Fra: 31 | Mem: 1M | Updating Objects | Copying Transformations to device
04:33:51.360  render           | Fra: 31 | Mem: 1M | Updating Particle Systems
04:33:51.360  render           | Fra: 31 | Mem: 1M | Updating Particle Systems | Copying Particles to device
04:33:51.360  render           | Fra: 31 | Mem: 1M | Updating Meshes
04:33:51.360  render           | Fra: 31 | Mem: 1M | Updating Objects | Applying Static Transformations
04:33:51.402  render           | Fra: 31 | Mem: 1M | Updating Mesh | Computing attributes
04:33:51.424  render           | Fra: 31 | Mem: 1M | Updating Mesh | Copying Attributes to device
04:33:51.500  render           | Fra: 31 | Mem: 105M | Updating Scene BVH | Building
04:33:51.500  render           | Fra: 31 | Mem: 105M | Updating Scene BVH | Building BVH
04:33:51.561  render           | Fra: 31 | Mem: 1198M | Updating Scene BVH | Building BVH 0%
04:33:51.811  render           | Fra: 31 | Mem: 1217M | Updating Scene BVH | Building BVH 1%
04:33:52.061  render           | Fra: 31 | Mem: 1469M | Updating Scene BVH | Building BVH 16%
04:33:52.311  render           | Fra: 31 | Mem: 1709M | Updating Scene BVH | Building BVH 30%
04:33:52.561  render           | Fra: 31 | Mem: 1943M | Updating Scene BVH | Building BVH 44%
04:33:52.811  render           | Fra: 31 | Mem: 2171M | Updating Scene BVH | Building BVH 57%
04:33:53.061  render           | Fra: 31 | Mem: 2403M | Updating Scene BVH | Building BVH 71%
04:33:53.311  render           | Fra: 31 | Mem: 2613M | Updating Scene BVH | Building BVH 84%
04:33:53.562  render           | Fra: 31 | Mem: 2777M | Updating Scene BVH | Building BVH 93%
04:33:53.710  render           | Fra: 31 | Mem: 2903M | Updating Scene BVH | Copying BVH to device
04:33:53.710  render           | Fra: 31 | Mem: 2903M | Updating Mesh | Computing normals
04:33:53.714  render           | Fra: 31 | Mem: 2903M | Updating Mesh | Copying Mesh to device
04:33:53.714  render           | Fra: 31 | Mem: 2906M | Updating Mesh | Copying Curves to device
04:33:53.838  render           | Fra: 31 | Mem: 3420M | Updating Objects Flags
04:33:53.838  render           | Fra: 31 | Mem: 3420M | Updating Primitive Offsets
04:33:53.838  render           | Fra: 31 | Mem: 3420M | Updating Images
04:33:53.838  render           | Fra: 31 | Mem: 3420M | Updating Volume
04:33:53.838  render           | Fra: 31 | Mem: 3420M | Updating Camera Volume
04:33:53.838  render           | Fra: 31 | Mem: 3420M | Updating Lookup Tables
04:33:53.838  render           | Fra: 31 | Mem: 3420M | Updating Lights
04:33:53.838  render           | Fra: 31 | Mem: 3420M | Updating Lights | Computing tree
04:33:53.838  render           | Fra: 31 | Mem: 3420M | Updating Integrator
04:33:53.838  render           | Fra: 31 | Mem: 3421M | Updating Film
04:33:53.838  render           | Fra: 31 | Mem: 3421M | Updating Lookup Tables
04:33:53.838  render           | Fra: 31 | Mem: 3421M | Updating Baking
04:33:53.838  render           | Fra: 31 | Mem: 3421M | Updating Device | Writing constant memory
04:33:53.838  render           | Fra: 31 | Mem: 3421M | Sample 0/256
04:33:55.984  render           | Fra: 31 | Remaining: 09:07.25 | Mem: 3457M | Sample 1/256
04:34:27.404  render           | Fra: 31 | Remaining: 07:51.90 | Mem: 3457M | Sample 17/256
04:34:59.390  render           | Fra: 31 | Remaining: 07:22.97 | Mem: 3457M | Sample 33/256
04:35:31.071  render           | Fra: 31 | Remaining: 06:50.75 | Mem: 3457M | Sample 49/256
04:36:02.979  render           | Fra: 31 | Remaining: 06:19.47 | Mem: 3457M | Sample 65/256
04:36:32.446  render           | Fra: 31 | Remaining: 05:48.93 | Mem: 3457M | Sample 80/256
04:37:03.647  render           | Fra: 31 | Remaining: 05:16.34 | Mem: 3457M | Sample 96/256
04:37:34.724  render           | Fra: 31 | Remaining: 04:43.99 | Mem: 3457M | Sample 112/256
04:38:06.356  render           | Fra: 31 | Remaining: 04:12.51 | Mem: 3457M | Sample 128/256
04:38:37.905  render           | Fra: 31 | Remaining: 03:40.94 | Mem: 3457M | Sample 144/256
04:39:09.960  render           | Fra: 31 | Remaining: 03:09.67 | Mem: 3457M | Sample 160/256
04:39:41.563  render           | Fra: 31 | Remaining: 02:38.05 | Mem: 3457M | Sample 176/256
04:40:13.228  render           | Fra: 31 | Remaining: 02:06.46 | Mem: 3457M | Sample 192/256
04:40:44.890  render           | Fra: 31 | Remaining: 01:34.85 | Mem: 3457M | Sample 208/256
04:41:16.274  render           | Fra: 31 | Remaining: 01:03.20 | Mem: 3457M | Sample 224/256
04:41:47.538  render           | Fra: 31 | Remaining: 00:31.58 | Mem: 3457M | Sample 240/256
04:42:18.737  render           | Fra: 31 | Mem: 3457M | Sample 256/256
04:42:18.737  render           | Fra: 31 | Mem: 3457M | Finished
04:42:18.852  render           | Saved: '/Users/kacpermioduszewski/mioduszewsky-com/assets/logo3d/frames_dal/f_0031.png'
04:42:18.852  render           | Time: 08:28.91 (Saving: 00:00.05)
04:42:18.852  render           | Rendering frame 32
04:42:18.854  render           | Start rendering: Scene, ViewLayer
04:42:18.854  render           | Engine: Cycles
04:42:20.069  render           | Fra: 32 | Mem: 0M | Synchronizing object | L_0_m
04:42:20.069  render           | Fra: 32 | Mem: 0M | Synchronizing object | L_1_i
04:42:20.070  render           | Fra: 32 | Mem: 0M | Synchronizing object | L_0_m
04:42:20.070  render           | Fra: 32 | Mem: 0M | Synchronizing object | L_1_i
04:42:20.070  render           | Fra: 32 | Mem: 0M | Synchronizing object | L_2_o
04:42:20.070  render           | Fra: 32 | Mem: 0M | Synchronizing object | L_3_d
04:42:20.070  render           | Fra: 32 | Mem: 0M | Synchronizing object | L_2_o
04:42:20.071  render           | Fra: 32 | Mem: 0M | Synchronizing object | L_4_u
04:42:20.071  render           | Fra: 32 | Mem: 0M | Synchronizing object | L_3_d
04:42:20.071  render           | Fra: 32 | Mem: 0M | Synchronizing object | L_4_u
04:42:20.071  render           | Fra: 32 | Mem: 0M | Synchronizing object | L_5_s
04:42:20.072  render           | Fra: 32 | Mem: 0M | Synchronizing object | L_6_z
04:42:20.072  render           | Fra: 32 | Mem: 0M | Synchronizing object | L_7_e
04:42:20.073  render           | Fra: 32 | Mem: 0M | Synchronizing object | L_8_w
04:42:20.075  render           | Fra: 32 | Mem: 0M | Synchronizing object | L_9_s
04:42:20.075  render           | Fra: 32 | Mem: 0M | Synchronizing object | L_8_w
04:42:20.075  render           | Fra: 32 | Mem: 0M | Synchronizing object | L_10_k
04:42:20.076  render           | Fra: 32 | Mem: 0M | Synchronizing object | L_11_y
04:42:20.077  render           | Fra: 32 | Mem: 0M | Synchronizing object | rim_r
04:42:20.077  render           | Fra: 32 | Mem: 0M | Synchronizing object | rim_l
04:42:20.077  render           | Fra: 32 | Mem: 0M | Synchronizing object | fill
04:42:20.077  render           | Fra: 32 | Mem: 0M | Synchronizing object | key
04:42:20.077  render           | Fra: 32 | Mem: 0M | Synchronizing object | L_11_y
04:42:20.123  render           | Fra: 32 | Mem: 0M | Synchronizing object | L_9_s
04:42:20.166  render           | Fra: 32 | Mem: 0M | Synchronizing object | L_10_k
04:42:20.260  render           | Fra: 32 | Mem: 0M | Initializing
04:42:20.261  render           | Fra: 32 | Mem: 0M | Waiting for render to start
04:42:20.261  render           | Fra: 32 | Mem: 0M | Updating Scene
04:42:20.261  render           | Fra: 32 | Mem: 0M | Updating Shaders
04:42:20.261  render           | Fra: 32 | Mem: 0M | Loading render kernels (may take a few minutes the first time)
04:42:20.261  render           | Fra: 32 | Mem: 1M | Updating Procedurals
04:42:20.261  render           | Fra: 32 | Mem: 1M | Updating Background
04:42:20.261  render           | Fra: 32 | Mem: 1M | Updating Camera
04:42:20.261  render           | Fra: 32 | Mem: 1M | Updating Meshes Flags
04:42:20.261  render           | Fra: 32 | Mem: 1M | Updating Objects
04:42:20.261  render           | Fra: 32 | Mem: 1M | Updating Objects | Copying Transformations to device
04:42:20.261  render           | Fra: 32 | Mem: 1M | Updating Particle Systems
04:42:20.261  render           | Fra: 32 | Mem: 1M | Updating Particle Systems | Copying Particles to device
04:42:20.261  render           | Fra: 32 | Mem: 1M | Updating Meshes
04:42:20.261  render           | Fra: 32 | Mem: 1M | Updating Objects | Applying Static Transformations
04:42:20.301  render           | Fra: 32 | Mem: 1M | Updating Mesh | Computing attributes
04:42:20.323  render           | Fra: 32 | Mem: 1M | Updating Mesh | Copying Attributes to device
04:42:20.398  render           | Fra: 32 | Mem: 105M | Updating Scene BVH | Building
04:42:20.398  render           | Fra: 32 | Mem: 105M | Updating Scene BVH | Building BVH
04:42:20.459  render           | Fra: 32 | Mem: 1198M | Updating Scene BVH | Building BVH 0%
04:42:20.709  render           | Fra: 32 | Mem: 1245M | Updating Scene BVH | Building BVH 2%
04:42:20.959  render           | Fra: 32 | Mem: 1479M | Updating Scene BVH | Building BVH 17%
04:42:21.209  render           | Fra: 32 | Mem: 1697M | Updating Scene BVH | Building BVH 30%
04:42:21.459  render           | Fra: 32 | Mem: 1895M | Updating Scene BVH | Building BVH 42%
04:42:21.709  render           | Fra: 32 | Mem: 2129M | Updating Scene BVH | Building BVH 55%
04:42:21.959  render           | Fra: 32 | Mem: 2379M | Updating Scene BVH | Building BVH 70%
04:42:22.209  render           | Fra: 32 | Mem: 2605M | Updating Scene BVH | Building BVH 83%
04:42:22.459  render           | Fra: 32 | Mem: 2803M | Updating Scene BVH | Building BVH 94%
04:42:22.649  render           | Fra: 32 | Mem: 2911M | Updating Scene BVH | Copying BVH to device
04:42:22.649  render           | Fra: 32 | Mem: 2911M | Updating Mesh | Computing normals
04:42:22.652  render           | Fra: 32 | Mem: 2911M | Updating Mesh | Copying Mesh to device
04:42:22.652  render           | Fra: 32 | Mem: 2914M | Updating Mesh | Copying Curves to device
04:42:22.751  render           | Fra: 32 | Mem: 3428M | Updating Objects Flags
04:42:22.752  render           | Fra: 32 | Mem: 3428M | Updating Primitive Offsets
04:42:22.752  render           | Fra: 32 | Mem: 3428M | Updating Images
04:42:22.752  render           | Fra: 32 | Mem: 3428M | Updating Volume
04:42:22.752  render           | Fra: 32 | Mem: 3428M | Updating Camera Volume
04:42:22.752  render           | Fra: 32 | Mem: 3428M | Updating Lookup Tables
04:42:22.752  render           | Fra: 32 | Mem: 3428M | Updating Lights
04:42:22.752  render           | Fra: 32 | Mem: 3428M | Updating Lights | Computing tree
04:42:22.752  render           | Fra: 32 | Mem: 3428M | Updating Integrator
04:42:22.752  render           | Fra: 32 | Mem: 3429M | Updating Film
04:42:22.754  render           | Fra: 32 | Mem: 3429M | Updating Lookup Tables
04:42:22.754  render           | Fra: 32 | Mem: 3429M | Updating Baking
04:42:22.754  render           | Fra: 32 | Mem: 3429M | Updating Device | Writing constant memory
04:42:22.754  render           | Fra: 32 | Mem: 3429M | Sample 0/256
04:42:24.996  render           | Fra: 32 | Remaining: 09:31.75 | Mem: 3465M | Sample 1/256
04:42:56.601  render           | Fra: 32 | Remaining: 07:55.85 | Mem: 3465M | Sample 17/256
04:43:28.472  render           | Fra: 32 | Remaining: 07:24.09 | Mem: 3465M | Sample 33/256
04:44:00.138  render           | Fra: 32 | Remaining: 06:51.39 | Mem: 3465M | Sample 49/256
04:44:32.086  render           | Fra: 32 | Remaining: 06:20.03 | Mem: 3465M | Sample 65/256
04:45:01.735  render           | Fra: 32 | Remaining: 05:49.75 | Mem: 3465M | Sample 80/256
04:45:33.256  render           | Fra: 32 | Remaining: 05:17.50 | Mem: 3465M | Sample 96/256
04:46:04.626  render           | Fra: 32 | Remaining: 04:45.26 | Mem: 3465M | Sample 112/256
04:46:36.136  render           | Fra: 32 | Remaining: 04:13.38 | Mem: 3465M | Sample 128/256
04:47:07.247  render           | Fra: 32 | Remaining: 03:41.27 | Mem: 3465M | Sample 144/256
04:47:38.352  render           | Fra: 32 | Remaining: 03:09.35 | Mem: 3465M | Sample 160/256
04:48:09.396  render           | Fra: 32 | Remaining: 02:37.56 | Mem: 3465M | Sample 176/256
04:48:40.710  render           | Fra: 32 | Remaining: 02:05.98 | Mem: 3465M | Sample 192/256
04:49:12.481  render           | Fra: 32 | Remaining: 01:34.55 | Mem: 3465M | Sample 208/256
04:49:44.215  render           | Fra: 32 | Remaining: 01:03.06 | Mem: 3465M | Sample 224/256
04:50:15.649  render           | Fra: 32 | Remaining: 00:31.52 | Mem: 3465M | Sample 240/256
04:50:46.675  render           | Fra: 32 | Mem: 3465M | Sample 256/256
04:50:46.675  render           | Fra: 32 | Mem: 3465M | Finished
04:50:46.780  render           | Saved: '/Users/kacpermioduszewski/mioduszewsky-com/assets/logo3d/frames_dal/f_0032.png'
04:50:46.780  render           | Time: 08:27.92 (Saving: 00:00.05)
04:50:46.780  render           | Rendering frame 33
04:50:46.784  render           | Start rendering: Scene, ViewLayer
04:50:46.784  render           | Engine: Cycles
04:50:47.995  render           | Fra: 33 | Mem: 0M | Synchronizing object | L_0_m
04:50:47.995  render           | Fra: 33 | Mem: 0M | Synchronizing object | L_1_i
04:50:47.995  render           | Fra: 33 | Mem: 0M | Synchronizing object | L_0_m
04:50:47.995  render           | Fra: 33 | Mem: 0M | Synchronizing object | L_1_i
04:50:47.995  render           | Fra: 33 | Mem: 0M | Synchronizing object | L_2_o
04:50:47.996  render           | Fra: 33 | Mem: 0M | Synchronizing object | L_3_d
04:50:47.996  render           | Fra: 33 | Mem: 0M | Synchronizing object | L_2_o
04:50:47.996  render           | Fra: 33 | Mem: 0M | Synchronizing object | L_3_d
04:50:47.996  render           | Fra: 33 | Mem: 0M | Synchronizing object | L_4_u
04:50:47.996  render           | Fra: 33 | Mem: 0M | Synchronizing object | L_5_s
04:50:47.996  render           | Fra: 33 | Mem: 0M | Synchronizing object | L_4_u
04:50:47.997  render           | Fra: 33 | Mem: 0M | Synchronizing object | L_5_s
04:50:47.997  render           | Fra: 33 | Mem: 0M | Synchronizing object | L_6_z
04:50:47.997  render           | Fra: 33 | Mem: 0M | Synchronizing object | L_7_e
04:50:47.997  render           | Fra: 33 | Mem: 0M | Synchronizing object | L_8_w
04:50:47.998  render           | Fra: 33 | Mem: 0M | Synchronizing object | L_9_s
04:50:47.998  render           | Fra: 33 | Mem: 0M | Synchronizing object | L_8_w
04:50:47.999  render           | Fra: 33 | Mem: 0M | Synchronizing object | L_10_k
04:50:48.000  render           | Fra: 33 | Mem: 0M | Synchronizing object | L_11_y
04:50:48.001  render           | Fra: 33 | Mem: 0M | Synchronizing object | rim_r
04:50:48.001  render           | Fra: 33 | Mem: 0M | Synchronizing object | rim_l
04:50:48.001  render           | Fra: 33 | Mem: 0M | Synchronizing object | fill
04:50:48.001  render           | Fra: 33 | Mem: 0M | Synchronizing object | key
04:50:48.001  render           | Fra: 33 | Mem: 0M | Synchronizing object | L_11_y
04:50:48.041  render           | Fra: 33 | Mem: 0M | Synchronizing object | L_9_s
04:50:48.087  render           | Fra: 33 | Mem: 0M | Synchronizing object | L_10_k
04:50:48.178  render           | Fra: 33 | Mem: 0M | Initializing
04:50:48.179  render           | Fra: 33 | Mem: 0M | Waiting for render to start
04:50:48.179  render           | Fra: 33 | Mem: 0M | Updating Scene
04:50:48.179  render           | Fra: 33 | Mem: 0M | Updating Shaders
04:50:48.179  render           | Fra: 33 | Mem: 0M | Loading render kernels (may take a few minutes the first time)
04:50:48.179  render           | Fra: 33 | Mem: 1M | Updating Procedurals
04:50:48.179  render           | Fra: 33 | Mem: 1M | Updating Background
04:50:48.179  render           | Fra: 33 | Mem: 1M | Updating Camera
04:50:48.179  render           | Fra: 33 | Mem: 1M | Updating Meshes Flags
04:50:48.179  render           | Fra: 33 | Mem: 1M | Updating Objects
04:50:48.179  render           | Fra: 33 | Mem: 1M | Updating Objects | Copying Transformations to device
04:50:48.179  render           | Fra: 33 | Mem: 1M | Updating Particle Systems
04:50:48.179  render           | Fra: 33 | Mem: 1M | Updating Particle Systems | Copying Particles to device
04:50:48.179  render           | Fra: 33 | Mem: 1M | Updating Meshes
04:50:48.179  render           | Fra: 33 | Mem: 1M | Updating Objects | Applying Static Transformations
04:50:48.218  render           | Fra: 33 | Mem: 1M | Updating Mesh | Computing attributes
04:50:48.237  render           | Fra: 33 | Mem: 1M | Updating Mesh | Copying Attributes to device
04:50:48.307  render           | Fra: 33 | Mem: 105M | Updating Scene BVH | Building
04:50:48.307  render           | Fra: 33 | Mem: 105M | Updating Scene BVH | Building BVH
04:50:48.358  render           | Fra: 33 | Mem: 1198M | Updating Scene BVH | Building BVH 0%
04:50:48.608  render           | Fra: 33 | Mem: 1245M | Updating Scene BVH | Building BVH 3%
04:50:48.858  render           | Fra: 33 | Mem: 1487M | Updating Scene BVH | Building BVH 17%
04:50:49.108  render           | Fra: 33 | Mem: 1729M | Updating Scene BVH | Building BVH 31%
04:50:49.359  render           | Fra: 33 | Mem: 1973M | Updating Scene BVH | Building BVH 46%
04:50:49.609  render           | Fra: 33 | Mem: 2203M | Updating Scene BVH | Building BVH 59%
04:50:49.859  render           | Fra: 33 | Mem: 2437M | Updating Scene BVH | Building BVH 73%
04:50:50.109  render           | Fra: 33 | Mem: 2667M | Updating Scene BVH | Building BVH 86%
04:50:50.359  render           | Fra: 33 | Mem: 2837M | Updating Scene BVH | Building BVH 96%
04:50:50.458  render           | Fra: 33 | Mem: 2911M | Updating Scene BVH | Copying BVH to device
04:50:50.458  render           | Fra: 33 | Mem: 2911M | Updating Mesh | Computing normals
04:50:50.463  render           | Fra: 33 | Mem: 2911M | Updating Mesh | Copying Mesh to device
04:50:50.463  render           | Fra: 33 | Mem: 2914M | Updating Mesh | Copying Curves to device
04:50:50.517  render           | Fra: 33 | Mem: 3428M | Updating Objects Flags
04:50:50.517  render           | Fra: 33 | Mem: 3428M | Updating Primitive Offsets
04:50:50.517  render           | Fra: 33 | Mem: 3428M | Updating Images
04:50:50.517  render           | Fra: 33 | Mem: 3428M | Updating Volume
04:50:50.517  render           | Fra: 33 | Mem: 3428M | Updating Camera Volume
04:50:50.517  render           | Fra: 33 | Mem: 3428M | Updating Lookup Tables
04:50:50.517  render           | Fra: 33 | Mem: 3428M | Updating Lights
04:50:50.517  render           | Fra: 33 | Mem: 3428M | Updating Lights | Computing tree
04:50:50.517  render           | Fra: 33 | Mem: 3428M | Updating Integrator
04:50:50.517  render           | Fra: 33 | Mem: 3429M | Updating Film
04:50:50.518  render           | Fra: 33 | Mem: 3429M | Updating Lookup Tables
04:50:50.518  render           | Fra: 33 | Mem: 3429M | Updating Baking
04:50:50.518  render           | Fra: 33 | Mem: 3429M | Updating Device | Writing constant memory
04:50:50.518  render           | Fra: 33 | Mem: 3429M | Sample 0/256
04:50:52.784  render           | Fra: 33 | Remaining: 09:38.04 | Mem: 3465M | Sample 1/256
04:51:24.334  render           | Fra: 33 | Remaining: 07:55.42 | Mem: 3465M | Sample 17/256
04:51:55.733  render           | Fra: 33 | Remaining: 07:20.69 | Mem: 3465M | Sample 33/256
04:52:28.443  render           | Fra: 33 | Remaining: 06:53.68 | Mem: 3465M | Sample 49/256
04:53:00.949  render           | Fra: 33 | Remaining: 06:23.26 | Mem: 3465M | Sample 65/256
04:53:29.966  render           | Fra: 33 | Remaining: 05:50.78 | Mem: 3465M | Sample 80/256
04:54:00.558  render           | Fra: 33 | Remaining: 05:16.73 | Mem: 3465M | Sample 96/256
04:54:31.014  render           | Fra: 33 | Remaining: 04:43.49 | Mem: 3465M | Sample 112/256
04:55:01.849  render           | Fra: 33 | Remaining: 04:11.33 | Mem: 3465M | Sample 128/256
04:55:32.577  render           | Fra: 33 | Remaining: 03:39.37 | Mem: 3465M | Sample 144/256
04:56:03.238  render           | Fra: 33 | Remaining: 03:07.63 | Mem: 3465M | Sample 160/256
04:56:34.052  render           | Fra: 33 | Remaining: 02:36.15 | Mem: 3465M | Sample 176/256
04:57:04.878  render           | Fra: 33 | Remaining: 02:04.78 | Mem: 3465M | Sample 192/256
04:57:35.561  render           | Fra: 33 | Remaining: 01:33.47 | Mem: 3465M | Sample 208/256
04:58:06.921  render           | Fra: 33 | Remaining: 01:02.34 | Mem: 3465M | Sample 224/256
04:58:37.618  render           | Fra: 33 | Remaining: 00:31.13 | Mem: 3465M | Sample 240/256
04:59:08.009  render           | Fra: 33 | Mem: 3465M | Sample 256/256
04:59:08.009  render           | Fra: 33 | Mem: 3465M | Finished
04:59:08.133  render           | Saved: '/Users/kacpermioduszewski/mioduszewsky-com/assets/logo3d/frames_dal/f_0033.png'
04:59:08.134  render           | Time: 08:21.35 (Saving: 00:00.06)
04:59:08.134  render           | Rendering frame 34
04:59:08.140  render           | Start rendering: Scene, ViewLayer
04:59:08.140  render           | Engine: Cycles
04:59:09.299  render           | Fra: 34 | Mem: 0M | Synchronizing object | L_0_m
04:59:09.300  render           | Fra: 34 | Mem: 0M | Synchronizing object | L_1_i
04:59:09.300  render           | Fra: 34 | Mem: 0M | Synchronizing object | L_0_m
04:59:09.300  render           | Fra: 34 | Mem: 0M | Synchronizing object | L_2_o
04:59:09.300  render           | Fra: 34 | Mem: 0M | Synchronizing object | L_1_i
04:59:09.300  render           | Fra: 34 | Mem: 0M | Synchronizing object | L_2_o
04:59:09.300  render           | Fra: 34 | Mem: 0M | Synchronizing object | L_3_d
04:59:09.301  render           | Fra: 34 | Mem: 0M | Synchronizing object | L_4_u
04:59:09.301  render           | Fra: 34 | Mem: 0M | Synchronizing object | L_5_s
04:59:09.301  render           | Fra: 34 | Mem: 0M | Synchronizing object | L_6_z
04:59:09.302  render           | Fra: 34 | Mem: 0M | Synchronizing object | L_7_e
04:59:09.302  render           | Fra: 34 | Mem: 0M | Synchronizing object | L_8_w
04:59:09.303  render           | Fra: 34 | Mem: 0M | Synchronizing object | L_9_s
04:59:09.303  render           | Fra: 34 | Mem: 0M | Synchronizing object | L_8_w
04:59:09.303  render           | Fra: 34 | Mem: 0M | Synchronizing object | L_10_k
04:59:09.304  render           | Fra: 34 | Mem: 0M | Synchronizing object | L_11_y
04:59:09.304  render           | Fra: 34 | Mem: 0M | Synchronizing object | rim_r
04:59:09.304  render           | Fra: 34 | Mem: 0M | Synchronizing object | rim_l
04:59:09.304  render           | Fra: 34 | Mem: 0M | Synchronizing object | fill
04:59:09.304  render           | Fra: 34 | Mem: 0M | Synchronizing object | key
04:59:09.304  render           | Fra: 34 | Mem: 0M | Synchronizing object | L_11_y
04:59:09.347  render           | Fra: 34 | Mem: 0M | Synchronizing object | L_9_s
04:59:09.387  render           | Fra: 34 | Mem: 0M | Synchronizing object | L_10_k
04:59:09.473  render           | Fra: 34 | Mem: 0M | Initializing
04:59:09.476  render           | Fra: 34 | Mem: 0M | Waiting for render to start
04:59:09.476  render           | Fra: 34 | Mem: 0M | Updating Scene
04:59:09.476  render           | Fra: 34 | Mem: 0M | Updating Shaders
04:59:09.476  render           | Fra: 34 | Mem: 0M | Loading render kernels (may take a few minutes the first time)
04:59:09.476  render           | Fra: 34 | Mem: 1M | Updating Procedurals
04:59:09.476  render           | Fra: 34 | Mem: 1M | Updating Background
04:59:09.476  render           | Fra: 34 | Mem: 1M | Updating Camera
04:59:09.477  render           | Fra: 34 | Mem: 1M | Updating Meshes Flags
04:59:09.477  render           | Fra: 34 | Mem: 1M | Updating Objects
04:59:09.477  render           | Fra: 34 | Mem: 1M | Updating Objects | Copying Transformations to device
04:59:09.477  render           | Fra: 34 | Mem: 1M | Updating Particle Systems
04:59:09.477  render           | Fra: 34 | Mem: 1M | Updating Particle Systems | Copying Particles to device
04:59:09.477  render           | Fra: 34 | Mem: 1M | Updating Meshes
04:59:09.477  render           | Fra: 34 | Mem: 1M | Updating Objects | Applying Static Transformations
04:59:09.512  render           | Fra: 34 | Mem: 1M | Updating Mesh | Computing attributes
04:59:09.535  render           | Fra: 34 | Mem: 1M | Updating Mesh | Copying Attributes to device
04:59:09.607  render           | Fra: 34 | Mem: 105M | Updating Scene BVH | Building
04:59:09.609  render           | Fra: 34 | Mem: 105M | Updating Scene BVH | Building BVH
04:59:09.670  render           | Fra: 34 | Mem: 1198M | Updating Scene BVH | Building BVH 0%
04:59:09.920  render           | Fra: 34 | Mem: 1233M | Updating Scene BVH | Building BVH 2%
04:59:10.170  render           | Fra: 34 | Mem: 1483M | Updating Scene BVH | Building BVH 17%
04:59:10.420  render           | Fra: 34 | Mem: 1743M | Updating Scene BVH | Building BVH 32%
04:59:10.671  render           | Fra: 34 | Mem: 1991M | Updating Scene BVH | Building BVH 47%
04:59:10.921  render           | Fra: 34 | Mem: 2229M | Updating Scene BVH | Building BVH 61%
04:59:11.171  render           | Fra: 34 | Mem: 2461M | Updating Scene BVH | Building BVH 74%
04:59:11.421  render           | Fra: 34 | Mem: 2711M | Updating Scene BVH | Building BVH 89%
04:59:11.674  render           | Fra: 34 | Mem: 2899M | Updating Scene BVH | Building BVH 99%
04:59:11.747  render           | Fra: 34 | Mem: 2903M | Updating Scene BVH | Copying BVH to device
04:59:11.747  render           | Fra: 34 | Mem: 2903M | Updating Mesh | Computing normals
04:59:11.750  render           | Fra: 34 | Mem: 2903M | Updating Mesh | Copying Mesh to device
04:59:11.750  render           | Fra: 34 | Mem: 2906M | Updating Mesh | Copying Curves to device
04:59:11.818  render           | Fra: 34 | Mem: 3420M | Updating Objects Flags
04:59:11.818  render           | Fra: 34 | Mem: 3420M | Updating Primitive Offsets
04:59:11.818  render           | Fra: 34 | Mem: 3420M | Updating Images
04:59:11.818  render           | Fra: 34 | Mem: 3420M | Updating Volume
04:59:11.818  render           | Fra: 34 | Mem: 3420M | Updating Camera Volume
04:59:11.819  render           | Fra: 34 | Mem: 3420M | Updating Lookup Tables
04:59:11.819  render           | Fra: 34 | Mem: 3420M | Updating Lights
04:59:11.819  render           | Fra: 34 | Mem: 3420M | Updating Lights | Computing tree
04:59:11.819  render           | Fra: 34 | Mem: 3420M | Updating Integrator
04:59:11.819  render           | Fra: 34 | Mem: 3421M | Updating Film
04:59:11.819  render           | Fra: 34 | Mem: 3421M | Updating Lookup Tables
04:59:11.819  render           | Fra: 34 | Mem: 3421M | Updating Baking
04:59:11.819  render           | Fra: 34 | Mem: 3421M | Updating Device | Writing constant memory
04:59:11.820  render           | Fra: 34 | Mem: 3421M | Sample 0/256
04:59:13.943  render           | Fra: 34 | Remaining: 09:01.58 | Mem: 3457M | Sample 1/256
04:59:44.908  render           | Fra: 34 | Remaining: 07:45.19 | Mem: 3457M | Sample 17/256
05:00:16.749  render           | Fra: 34 | Remaining: 07:18.76 | Mem: 3457M | Sample 33/256
05:00:47.675  render           | Fra: 34 | Remaining: 06:44.94 | Mem: 3457M | Sample 49/256
05:01:18.471  render           | Fra: 34 | Remaining: 06:12.16 | Mem: 3457M | Sample 65/256
05:01:47.271  render           | Fra: 34 | Remaining: 05:41.99 | Mem: 3457M | Sample 80/256
05:02:17.747  render           | Fra: 34 | Remaining: 05:09.87 | Mem: 3457M | Sample 96/256
05:02:48.136  render           | Fra: 34 | Remaining: 04:38.12 | Mem: 3457M | Sample 112/256
05:03:18.444  render           | Fra: 34 | Remaining: 04:06.62 | Mem: 3457M | Sample 128/256
05:03:52.082  render           | Fra: 34 | Remaining: 03:37.98 | Mem: 3457M | Sample 144/256
05:04:27.165  render           | Fra: 34 | Remaining: 03:09.20 | Mem: 3457M | Sample 160/256
05:05:00.380  render           | Fra: 34 | Remaining: 02:38.43 | Mem: 3457M | Sample 176/256
